order_id,order_date,first_name,last_name,product,category,region,quantity,unit_price,revenue
1,4/20/2025,Ottilie,Gunnell,Laptop,Accessories,East,5,1364.46,6822.3
2,5/20/2025,Cassius,Clemmitt,Laptop,Electronics,East,2,664.79,1329.58
3,4/10/2025,Gabriell,Vockins,Smartphone,Furniture,North,8,550.51,4404.08
4,11/8/2024,Beth,Escalero,Monitor,Accessories,South,2,408.79,817.58
5,6/24/2025,Killy,Matei,Monitor,Furniture,North,2,1491.57,2983.14
6,5/9/2025,Claybourne,Grigs,Smartphone,Furniture,South,4,1198.58,4794.32
7,4/23/2025,Sile,Stanger,Headphones,Furniture,North,8,1548.25,12386.0
8,6/8/2025,Shoshana,Ramsted,Printer,Furniture,South,8,656.94,5255.52
9,5/11/2025,Lizette,Liver,Smartphone,Accessories,East,4,50.51,202.04
10,2/3/2025,Iorgo,Muckeen,Smartphone,Electronics,West,1,665.74,665.74
11,8/14/2025,Rodd,Gilling,Desk Chair,Accessories,East,8,428.54,3428.32
12,9/30/2024,Celina,Doel,Monitor,Electronics,North,9,1565.66,14090.94
13,1/6/2025,Annadiane,Bruce,Monitor,Electronics,South,4,228.47,913.88
14,10/29/2024,Tracie,Eles,Monitor,Accessories,North,8,723.81,5790.48
15,10/22/2024,Dalt,Billham,Headphones,Electronics,South,3,257.68,773.04
16,11/26/2024,Hal,Musico,Smartphone,Accessories,North,1,1843.68,1843.68
17,5/13/2025,Alexandr,Telford,Laptop,Electronics,East,1,703.59,703.59
18,9/21/2024,Vittorio,Boschmann,Monitor,Accessories,West,5,316.88,1584.4
19,12/11/2024,Dav,Barriball,Headphones,Electronics,South,5,687.17,3435.85
20,3/25/2025,Sylvester,McCloy,Printer,Electronics,West,5,65.02,325.1
21,6/8/2025,Rollie,Pudsey,Monitor,Furniture,West,7,1031.16,7218.12
22,5/25/2025,Estell,Baddeley,Laptop,Accessories,South,2,1702.67,3405.34
23,5/22/2025,Tish,Charville,Laptop,Accessories,North,10,1177.42,11774.2
24,2/8/2025,Maura,Cronkshaw,Printer,Furniture,East,8,563.99,4511.92
25,8/15/2025,Jessika,Schottli,Headphones,Furniture,South,4,1217.01,4868.04
26,4/8/2025,Rem,Worsom,Headphones,Accessories,South,4,133.97,535.88
27,5/14/2025,Daisi,Houlridge,Smartphone,Furniture,East,10,332.99,3329.9
28,3/9/2025,Nappy,Corbishley,Laptop,Accessories,South,5,362.8,1814.0
29,4/15/2025,Jarrod,Arrandale,Laptop,Electronics,East,7,1937.14,13559.98
30,2/22/2025,Harrie,Halling,Monitor,Accessories,South,10,1485.22,14852.2
31,7/10/2025,Mela,Le Grys,Printer,Furniture,West,2,1557.97,3115.94
32,3/1/2025,Shannah,Denniston,Headphones,Accessories,East,9,1906.45,17158.05
33,8/29/2024,Shaw,Beckles,Monitor,Electronics,North,8,900.27,7202.16
34,1/12/2025,Lewie,Frensche,Headphones,Furniture,North,8,930.25,7442.0
35,3/29/2025,Lettie,Mathelon,Printer,Accessories,North,2,265.84,531.68
36,11/20/2024,Xymenes,Goudge,Desk Chair,Furniture,East,3,533.18,1599.54
37,5/11/2025,Katrinka,Coyett,Smartphone,Furniture,South,3,1743.19,5229.57
38,4/21/2025,Sloane,Blasli,Desk Chair,Electronics,East,4,843.14,3372.56
39,6/2/2025,Loleta,Joannic,Smartphone,Accessories,East,3,559.92,1679.76
40,3/29/2025,Chloe,Sidden,Printer,Electronics,South,1,1604.69,1604.69
41,7/31/2025,Anthony,Aistrop,Laptop,Electronics,North,5,222.15,1110.75
42,7/6/2025,Sawyere,Bodega,Headphones,Electronics,West,8,345.37,2762.96
43,1/1/2025,Konstanze,Ezzell,Monitor,Furniture,South,6,1012.51,6075.06
44,4/13/2025,Meredith,Knoles,Desk Chair,Accessories,South,7,1185.19,8296.33
45,6/23/2025,Zelda,Cawthorn,Monitor,Accessories,East,1,1847.53,1847.53
46,3/16/2025,Karil,Briant,Desk Chair,Accessories,West,2,965.32,1930.64
47,12/7/2024,Kitty,Witherup,Desk Chair,Accessories,East,1,1875.66,1875.66
48,8/27/2025,Miguela,Gummoe,Headphones,Electronics,North,4,964.58,3858.32
49,1/9/2025,Stormi,Bignell,Smartphone,Accessories,West,9,1475.36,13278.24
50,10/16/2024,Anabelle,Recke,Smartphone,Electronics,South,2,1073.36,2146.72
51,1/3/2025,Filippa,Skarman,Desk Chair,Electronics,North,8,479.06,3832.48
52,1/15/2025,Rafaelita,Milkins,Printer,Accessories,North,2,905.18,1810.36
53,5/30/2025,Mikaela,Glisane,Laptop,Accessories,North,2,720.28,1440.56
54,4/27/2025,Gwendolyn,Goldingay,Headphones,Electronics,West,9,1774.26,15968.34
55,3/5/2025,Sander,Pharoah,Smartphone,Electronics,West,4,520.06,2080.24
56,7/28/2025,Dicky,Latliff,Monitor,Electronics,East,3,1541.39,4624.17
57,3/15/2025,Redd,Dilleston,Headphones,Electronics,West,10,1318.63,13186.3
58,6/14/2025,Daryn,Trittam,Laptop,Furniture,South,2,696.68,1393.36
59,2/11/2025,Tilly,Beange,Monitor,Electronics,South,9,1005.19,9046.71
60,10/2/2024,Merrie,Olliver,Printer,Furniture,North,4,560.96,2243.84
61,3/29/2025,Briney,Prescote,Smartphone,Electronics,West,3,689.97,2069.91
62,9/1/2024,Letti,Meegin,Laptop,Electronics,East,4,328.71,1314.84
63,9/2/2024,Jeanna,Szanto,Monitor,Accessories,North,1,116.79,116.79
64,3/30/2025,Marcella,Servante,Printer,Electronics,West,7,681.98,4773.86
65,4/23/2025,Chloe,Samter,Headphones,Accessories,South,8,1776.42,14211.36
66,12/3/2024,Gaile,Donizeau,Laptop,Furniture,South,8,223.68,1789.44
67,9/21/2024,Daron,Boles,Printer,Accessories,South,6,1210.76,7264.56
68,9/27/2024,Miranda,Van Der Weedenburg,Laptop,Accessories,East,3,1453.43,4360.29
69,10/2/2024,Bryon,Waith,Headphones,Electronics,South,4,1579.1,6316.4
70,11/29/2024,Rodie,Haysham,Headphones,Electronics,North,5,879.97,4399.85
71,2/21/2025,Matty,Duester,Monitor,Furniture,West,6,1522.54,9135.24
72,2/8/2025,Fallon,Bratchell,Headphones,Furniture,South,3,1136.86,3410.58
73,6/21/2025,Debby,Vaud,Smartphone,Accessories,West,6,980.6,5883.6
74,9/3/2024,Gunner,Bernon,Printer,Accessories,East,9,641.34,5772.06
75,1/8/2025,Lilly,Siebart,Monitor,Electronics,North,5,738.98,3694.9
76,5/17/2025,Renelle,Tomasutti,Monitor,Accessories,South,9,67.98,611.82
77,11/6/2024,Janetta,Roote,Monitor,Accessories,North,9,746.85,6721.65
78,10/13/2024,Kimbra,Collimore,Desk Chair,Accessories,North,2,1830.47,3660.94
79,11/5/2024,Emilio,Carayol,Printer,Furniture,South,4,1581.57,6326.28
80,9/6/2024,Mariska,Kemell,Desk Chair,Electronics,West,6,625.78,3754.68
81,3/21/2025,Bunny,Farnsworth,Smartphone,Accessories,South,3,815.83,2447.49
82,11/20/2024,Steffen,Ferraro,Laptop,Electronics,West,5,160.87,804.35
83,8/23/2025,Donella,Cowthart,Printer,Furniture,South,7,1283.16,8982.12
84,3/12/2025,Julie,Debnam,Desk Chair,Accessories,North,7,1848.8,12941.6
85,5/31/2025,Salomo,Lowthorpe,Smartphone,Accessories,North,2,289.02,578.04
86,11/6/2024,Mayor,Piddick,Smartphone,Accessories,West,9,642.12,5779.08
87,9/8/2024,Thibaut,Sheering,Desk Chair,Electronics,South,8,731.47,5851.76
88,3/4/2025,Carleen,Boydle,Desk Chair,Accessories,North,1,1384.35,1384.35
89,2/25/2025,Rozalin,Lorek,Headphones,Furniture,South,4,860.42,3441.68
90,8/13/2025,Janet,Hairsine,Monitor,Electronics,West,3,505.68,1517.04
91,3/19/2025,Waneta,Kraft,Monitor,Furniture,North,5,1861.86,9309.3
92,7/15/2025,Andra,Harryman,Monitor,Accessories,East,7,938.94,6572.58
93,4/18/2025,Luelle,Niset,Headphones,Furniture,East,5,1678.42,8392.1
94,3/23/2025,Elbert,Houlson,Printer,Electronics,East,3,1592.49,4777.47
95,8/6/2025,Brietta,Kroon,Headphones,Electronics,West,4,1239.6,4958.4
96,12/17/2024,Caldwell,Gillespey,Laptop,Electronics,West,2,1468.5,2937.0
97,6/26/2025,Ford,Castellucci,Monitor,Furniture,North,8,239.13,1913.04
98,4/29/2025,Clarissa,Stannislawski,Smartphone,Furniture,East,4,1799.37,7197.48
99,11/23/2024,Hazlett,Schwanden,Desk Chair,Electronics,South,1,975.6,975.6
100,5/20/2025,Rubetta,McJury,Desk Chair,Accessories,South,6,1120.87,6725.22
101,5/12/2025,L;urette,Dulson,Desk Chair,Furniture,North,4,346.78,1387.12
102,3/8/2025,Haleigh,Giercke,Desk Chair,Electronics,South,9,51.33,461.97
103,12/13/2024,Latisha,Meikle,Smartphone,Electronics,North,5,178.21,891.05
104,5/17/2025,Shayna,Roycraft,Smartphone,Furniture,North,2,1264.66,2529.32
105,9/16/2024,Derek,Pridden,Laptop,Furniture,North,2,343.53,687.06
106,6/15/2025,Beatriz,MacInnes,Smartphone,Accessories,North,10,582.25,5822.5
107,1/12/2025,Tremayne,Tapson,Headphones,Furniture,East,6,296.31,1777.86
108,5/26/2025,Kimberlee,Ebbett,Desk Chair,Accessories,West,9,1616.43,14547.87
109,4/11/2025,Marta,Berryman,Smartphone,Furniture,East,3,1102.28,3306.84
110,10/19/2024,Sherwin,Christy,Laptop,Electronics,West,9,1411.58,12704.22
111,3/19/2025,Annalise,D'Hooghe,Printer,Furniture,West,7,1504.61,10532.27
112,1/10/2025,Odo,Hirsch,Printer,Furniture,South,3,95.43,286.29
113,10/5/2024,Phyllida,Totman,Monitor,Electronics,North,3,241.21,723.63
114,10/13/2024,Stephen,Pettitt,Desk Chair,Accessories,North,2,1442.68,2885.36
115,5/16/2025,Juliann,Millier,Headphones,Furniture,North,4,1175.37,4701.48
116,10/12/2024,Perrine,Nield,Smartphone,Accessories,North,7,1705.02,11935.14
117,9/21/2024,Hendrick,Michelle,Printer,Furniture,East,6,1277.51,7665.06
118,4/26/2025,Rhonda,Kewzick,Smartphone,Furniture,West,6,1133.01,6798.06
119,8/18/2025,Lorene,McGreil,Laptop,Furniture,North,3,1770.73,5312.19
120,1/2/2025,Art,Blain,Smartphone,Electronics,South,6,385.06,2310.36
121,9/7/2024,Archie,Gildersleaves,Smartphone,Electronics,East,5,1898.54,9492.7
122,12/10/2024,Obie,Cankett,Smartphone,Accessories,West,4,1342.36,5369.44
123,3/12/2025,Mareah,Siveyer,Printer,Accessories,East,1,628.6,628.6
124,3/22/2025,Gar,Cayley,Desk Chair,Furniture,South,8,1893.88,15151.04
125,6/19/2025,Felipa,Hearnshaw,Desk Chair,Furniture,East,9,1991.95,17927.55
126,3/14/2025,Hanni,Knolles-Green,Monitor,Accessories,East,6,592.4,3554.4
127,7/26/2025,Yancey,Draaisma,Laptop,Furniture,South,10,995.47,9954.7
128,11/19/2024,Casey,Grayshan,Laptop,Furniture,West,4,410.62,1642.48
129,7/8/2025,Trish,Anderson,Monitor,Furniture,East,5,1936.92,9684.6
130,3/21/2025,Kaitlynn,Selly,Monitor,Accessories,West,4,1619.15,6476.6
131,10/25/2024,Gauthier,Lagde,Monitor,Furniture,West,5,1412.75,7063.75
132,5/9/2025,Whitaker,Chiese,Smartphone,Furniture,West,10,509.9,5099.0
133,7/14/2025,Bevon,Mace,Monitor,Furniture,North,10,1201.79,12017.9
134,12/21/2024,Chelsie,Oby,Headphones,Accessories,West,6,1810.49,10862.94
135,8/24/2025,Thadeus,Belverstone,Printer,Furniture,West,7,1821.66,12751.62
136,9/27/2024,Nataniel,Gloucester,Monitor,Electronics,North,2,174.46,348.92
137,1/22/2025,Clemmy,Gourdon,Desk Chair,Accessories,South,8,1835.66,14685.28
138,12/20/2024,Karrah,Morat,Printer,Electronics,North,2,388.13,776.26
139,3/22/2025,Orelee,Caps,Printer,Electronics,South,10,714.38,7143.8
140,4/15/2025,Stephine,Daventry,Monitor,Furniture,South,2,103.66,207.32
141,2/14/2025,Starla,Pettifor,Printer,Furniture,West,1,267.89,267.89
142,2/6/2025,Tybi,Ingledew,Headphones,Accessories,East,9,1945.17,17506.53
143,2/7/2025,Cece,Tumilson,Laptop,Electronics,North,7,1389.81,9728.67
144,4/7/2025,Linda,Poundford,Laptop,Accessories,South,2,1670.9,3341.8
145,9/22/2024,Julietta,Linforth,Headphones,Furniture,South,1,535.95,535.95
146,3/22/2025,Erica,McGebenay,Desk Chair,Electronics,East,6,441.66,2649.96
147,2/5/2025,Marlow,Mundell,Laptop,Furniture,South,2,1786.1,3572.2
148,7/1/2025,Nonah,Astles,Printer,Electronics,South,6,1351.9,8111.4
149,2/21/2025,Gerrard,Ventham,Headphones,Electronics,East,6,1069.85,6419.1
150,5/20/2025,Hamid,Vanni,Laptop,Electronics,North,5,904.04,4520.2
151,2/15/2025,Cyrus,Strethill,Desk Chair,Accessories,North,4,787.23,3148.92
152,12/30/2024,Karlotte,Gaunson,Desk Chair,Furniture,East,3,680.51,2041.53
153,4/3/2025,Raul,Romagosa,Laptop,Furniture,South,3,822.26,2466.78
154,5/28/2025,Esta,Cluley,Desk Chair,Electronics,West,1,1046.48,1046.48
155,10/3/2024,Roxi,Loud,Printer,Electronics,South,6,191.34,1148.04
156,4/3/2025,Etty,Cornels,Headphones,Electronics,North,5,1559.94,7799.7
157,10/18/2024,Hansiain,Alison,Printer,Furniture,North,4,191.48,765.92
158,9/30/2024,Stacia,Boissier,Laptop,Furniture,East,6,1482.35,8894.1
159,3/13/2025,Brandais,Pezey,Monitor,Electronics,West,3,1473.48,4420.44
160,7/21/2025,Darcey,Hammel,Headphones,Electronics,North,7,1728.15,12097.05
161,9/21/2024,Otes,Veldman,Monitor,Furniture,East,9,1354.31,12188.79
162,8/17/2025,Doralynne,Summerell,Headphones,Furniture,West,8,1423.05,11384.4
163,10/15/2024,Tessie,Estick,Smartphone,Electronics,East,5,788.24,3941.2
164,2/26/2025,Creigh,Bafford,Headphones,Accessories,East,5,1886.09,9430.45
165,5/14/2025,Valida,Janek,Smartphone,Accessories,West,9,1788.2,16093.8
166,12/22/2024,Merrick,McQuaide,Monitor,Electronics,North,10,1744.67,17446.7
167,7/1/2025,Ansell,Salmons,Desk Chair,Accessories,East,6,1084.95,6509.7
168,6/7/2025,Blane,Marvelley,Printer,Accessories,West,7,1148.13,8036.91
169,6/9/2025,Octavius,Cakebread,Desk Chair,Furniture,North,7,1750.89,12256.23
170,1/15/2025,Deedee,Medway,Desk Chair,Furniture,North,2,1064.28,2128.56
171,9/28/2024,Cariotta,Beidebeke,Desk Chair,Furniture,East,9,540.7,4866.3
172,2/8/2025,Trumann,Gillson,Desk Chair,Accessories,West,3,1014.63,3043.89
173,2/3/2025,Casar,Edgworth,Monitor,Furniture,North,8,1780.68,14245.44
174,11/27/2024,Joan,Sharrard,Printer,Accessories,South,4,1159.95,4639.8
175,11/27/2024,Carmine,Molohan,Laptop,Furniture,North,2,803.49,1606.98
176,9/2/2024,Emmerich,Jewster,Smartphone,Furniture,East,2,1624.8,3249.6
177,1/12/2025,Coriss,Benyan,Printer,Furniture,West,10,1799.79,17997.9
178,9/28/2024,Ingram,Boichat,Laptop,Electronics,East,10,1409.39,14093.9
179,1/2/2025,Annmaria,Nasey,Laptop,Electronics,South,4,1381.12,5524.48
180,6/13/2025,Fifi,Perring,Monitor,Accessories,East,3,1200.02,3600.06
181,5/20/2025,Mandi,Johnikin,Smartphone,Electronics,East,7,459.03,3213.21
182,7/10/2025,Jeniffer,Hutchison,Smartphone,Furniture,South,10,972.7,9727.0
183,5/31/2025,Davidde,Balderstone,Monitor,Electronics,East,1,1145.84,1145.84
184,1/7/2025,Zea,Boardman,Headphones,Accessories,East,4,118.88,475.52
185,7/28/2025,Susann,MacFadden,Monitor,Accessories,West,3,359.16,1077.48
186,9/16/2024,Pietro,Kaaskooper,Printer,Accessories,South,2,255.03,510.06
187,3/10/2025,Ada,Enrrico,Desk Chair,Furniture,South,7,580.26,4061.82
188,4/8/2025,Lydie,Conochie,Headphones,Furniture,South,6,1889.92,11339.52
189,3/30/2025,Travers,Bance,Smartphone,Furniture,West,2,74.44,148.88
190,4/3/2025,Efrem,Pirie,Headphones,Electronics,West,10,1384.96,13849.6
191,11/26/2024,Ewell,Meininger,Laptop,Electronics,East,7,1397.06,9779.42
192,10/11/2024,Marylee,Denzilow,Smartphone,Furniture,West,6,1193.69,7162.14
193,5/7/2025,Leah,Lackner,Laptop,Electronics,North,3,100.81,302.43
194,6/7/2025,Nixie,De Zuani,Desk Chair,Furniture,East,7,539.55,3776.85
195,3/30/2025,Consolata,Castree,Monitor,Accessories,North,7,829.66,5807.62
196,2/6/2025,Ladonna,Parkeson,Desk Chair,Accessories,East,9,186.96,1682.64
197,9/23/2024,Cal,Ferrarin,Smartphone,Electronics,North,7,123.05,861.35
198,7/26/2025,Sylvan,Willoughby,Monitor,Accessories,West,3,1864.76,5594.28
199,3/15/2025,Evelyn,Adamson,Printer,Accessories,North,3,866.43,2599.29
200,3/18/2025,Sascha,Seiler,Smartphone,Accessories,North,10,714.34,7143.4
201,4/12/2025,Mayne,Gullyes,Monitor,Furniture,East,3,813.91,2441.73
202,4/10/2025,Ahmad,Mulran,Headphones,Furniture,East,9,466.25,4196.25
203,2/27/2025,Alikee,Sigfrid,Desk Chair,Electronics,North,3,1220.8,3662.4
204,4/11/2025,Meta,Ionnisian,Monitor,Accessories,South,9,1067.9,9611.1
205,3/20/2025,Sara-ann,Janney,Laptop,Electronics,South,2,334.12,668.24
206,11/20/2024,Gates,Sliman,Monitor,Furniture,North,1,888.93,888.93
207,10/15/2024,Neill,Poone,Desk Chair,Furniture,North,2,530.08,1060.16
208,4/27/2025,Helenka,Dubery,Desk Chair,Furniture,South,7,310.12,2170.84
209,9/4/2024,Ches,Nuth,Monitor,Accessories,North,3,58.35,175.05
210,12/10/2024,Sybilla,Itzkovwich,Headphones,Accessories,South,9,1290.96,11618.64
211,11/15/2024,Mychal,Lamonby,Smartphone,Accessories,North,10,598.78,5987.8
212,3/18/2025,Daven,Greiser,Smartphone,Accessories,West,10,1179.7,11797.0
213,10/11/2024,Christan,Simmig,Monitor,Furniture,East,7,799.53,5596.71
214,9/26/2024,Arda,Gabb,Laptop,Furniture,East,7,1767.37,12371.59
215,1/19/2025,Ealasaid,Aylett,Smartphone,Furniture,North,6,771.66,4629.96
216,3/6/2025,Patrizio,Coburn,Printer,Furniture,South,4,1210.37,4841.48
217,4/1/2025,Ed,Acey,Headphones,Accessories,North,5,661.61,3308.05
218,9/11/2024,Zeb,Townsend,Monitor,Furniture,North,7,1370.48,9593.36
219,6/5/2025,Pyotr,Windmill,Headphones,Electronics,North,4,1598.77,6395.08
220,9/24/2024,Lani,Spruce,Monitor,Furniture,North,8,581.63,4653.04
221,4/16/2025,Lambert,Chasles,Monitor,Electronics,East,10,377.43,3774.3
222,1/16/2025,Roldan,Jehu,Headphones,Furniture,South,8,341.71,2733.68
223,8/8/2025,Blondell,April,Desk Chair,Accessories,South,6,297.88,1787.28
224,3/12/2025,Agnella,Smallcombe,Smartphone,Electronics,East,10,828.43,8284.3
225,8/12/2025,Nicoli,Wenger,Desk Chair,Electronics,West,6,825.59,4953.54
226,11/23/2024,Arabelle,Gaddie,Desk Chair,Furniture,North,9,612.01,5508.09
227,9/24/2024,Loella,Loveitt,Headphones,Electronics,East,4,916.98,3667.92
228,5/21/2025,Hubert,Domerque,Desk Chair,Furniture,East,4,1839.03,7356.12
229,1/29/2025,Marisa,Weeden,Headphones,Furniture,South,6,1842.1,11052.6
230,7/17/2025,Tallou,Kreutzer,Desk Chair,Accessories,North,6,1456.94,8741.64
231,6/13/2025,Dilan,Dalli,Headphones,Electronics,East,9,292.63,2633.67
232,10/5/2024,Rozina,Meader,Smartphone,Accessories,East,8,1095.23,8761.84
233,7/11/2025,Cinnamon,Atty,Desk Chair,Furniture,North,10,1041.78,10417.8
234,10/16/2024,Sinclair,Dragoe,Smartphone,Accessories,West,6,980.48,5882.88
235,10/4/2024,Julita,Kurten,Headphones,Electronics,South,2,297.09,594.18
236,7/17/2025,Eugine,Fiske,Smartphone,Electronics,North,3,998.19,2994.57
237,4/16/2025,Nealy,Tithecott,Desk Chair,Electronics,East,1,79.75,79.75
238,9/9/2024,Jarret,Shucksmith,Smartphone,Accessories,North,2,1748.93,3497.86
239,7/9/2025,Celka,Lokier,Desk Chair,Furniture,South,2,962.05,1924.1
240,10/26/2024,Maxy,La Torre,Monitor,Accessories,North,10,604.14,6041.4
241,3/1/2025,Delmer,Terrazzo,Headphones,Accessories,South,4,493.94,1975.76
242,9/6/2024,Berty,Sirette,Smartphone,Furniture,North,3,747.62,2242.86
243,4/24/2025,Jake,Machin,Monitor,Electronics,South,9,1871.43,16842.87
244,9/23/2024,Prentice,Lacky,Laptop,Accessories,North,4,1394.09,5576.36
245,5/23/2025,Gery,Hundley,Smartphone,Electronics,North,9,1479.49,13315.41
246,8/3/2025,Kellyann,Gault,Laptop,Furniture,West,9,1431.77,12885.93
247,11/17/2024,Der,Nadin,Laptop,Electronics,North,9,1257.92,11321.28
248,1/22/2025,Glenna,Brigman,Laptop,Accessories,West,7,1496.96,10478.72
249,9/2/2024,Aluin,Watt,Monitor,Electronics,West,8,72.22,577.76
250,6/26/2025,Ame,Kalisz,Laptop,Electronics,East,7,1877.4,13141.8
251,6/6/2025,Read,Stedall,Desk Chair,Electronics,East,4,1854.19,7416.76
252,3/17/2025,Alli,Treanor,Monitor,Furniture,South,5,941.08,4705.4
253,4/1/2025,Murial,Avrahamoff,Monitor,Furniture,South,2,1264.66,2529.32
254,6/13/2025,Persis,Bleasby,Headphones,Accessories,East,1,273.53,273.53
255,10/23/2024,Bard,Biaggioni,Laptop,Furniture,North,7,1421.13,9947.91
256,2/27/2025,Marcelline,Churchyard,Smartphone,Electronics,West,9,1171.2,10540.8
257,8/9/2025,Pete,Rivett,Monitor,Electronics,East,2,1561.13,3122.26
258,5/2/2025,Cornelia,Dredge,Smartphone,Electronics,East,9,600.25,5402.25
259,1/10/2025,Carlie,Dancer,Headphones,Accessories,East,6,1308.74,7852.44
260,6/2/2025,Hermione,Tullot,Headphones,Accessories,South,4,1531.23,6124.92
261,4/18/2025,Welch,Early,Laptop,Electronics,South,10,1784.28,17842.8
262,3/22/2025,Maurizio,Carnall,Printer,Electronics,West,9,1803.16,16228.44
263,12/5/2024,Myrtle,Hailey,Smartphone,Furniture,West,1,689.61,689.61
264,7/11/2025,Swen,Maudett,Monitor,Electronics,West,7,1350.7,9454.9
265,3/29/2025,Clarance,Birchner,Laptop,Electronics,West,10,75.38,753.8
266,11/8/2024,Drew,Conibere,Laptop,Accessories,South,2,673.11,1346.22
267,4/20/2025,Rainer,Warlock,Monitor,Furniture,East,2,819.24,1638.48
268,8/29/2024,Gustavo,Lyddiatt,Desk Chair,Accessories,East,1,327.74,327.74
269,4/17/2025,Heindrick,O'Fielly,Smartphone,Furniture,South,10,1822.94,18229.4
270,7/11/2025,Darnell,Yuryshev,Headphones,Electronics,West,1,1400.18,1400.18
271,6/11/2025,Roddy,Le land,Laptop,Accessories,West,7,428.73,3001.11
272,1/17/2025,Andrew,Sayce,Printer,Accessories,North,3,1614.91,4844.73
273,8/26/2025,Ashely,Tinston,Laptop,Electronics,South,6,1217.54,7305.24
274,4/15/2025,Malchy,McArdell,Printer,Electronics,North,9,1580.75,14226.75
275,5/6/2025,Madelon,Segar,Headphones,Furniture,West,5,118.29,591.45
276,1/20/2025,Foss,Gress,Smartphone,Accessories,East,2,741.15,1482.3
277,3/6/2025,Cassie,Gawthrope,Desk Chair,Electronics,West,6,1288.72,7732.32
278,6/14/2025,Yetta,Layzell,Monitor,Electronics,North,5,1432.19,7160.95
279,1/13/2025,Myrilla,Breddy,Laptop,Furniture,North,10,1414.71,14147.1
280,4/2/2025,Anjela,Rackstraw,Smartphone,Furniture,South,10,768.42,7684.2
281,9/24/2024,Agatha,Scardifeild,Monitor,Accessories,North,3,1625.15,4875.45
282,3/18/2025,Stanwood,Ovenell,Headphones,Accessories,South,8,1957.24,15657.92
283,5/22/2025,Gabrila,Collisson,Headphones,Furniture,South,6,1778.77,10672.62
284,6/24/2025,Augustine,Fassbindler,Desk Chair,Accessories,East,7,1216.67,8516.69
285,7/31/2025,Quinlan,Craighill,Smartphone,Furniture,East,8,1249.62,9996.96
286,7/9/2025,Ezra,Polet,Smartphone,Furniture,West,9,578.15,5203.35
287,7/20/2025,Adiana,Dilke,Desk Chair,Electronics,South,1,1477.07,1477.07
288,8/21/2025,Gwenneth,Spreull,Monitor,Furniture,North,10,336.2,3362.0
289,4/12/2025,Gherardo,Domoney,Smartphone,Electronics,East,4,1771.8,7087.2
290,5/21/2025,Tulley,Deevey,Printer,Furniture,North,2,1837.71,3675.42
291,7/10/2025,Catlin,Cone,Smartphone,Electronics,South,7,1764.42,12350.94
292,11/16/2024,Dannel,Siverns,Smartphone,Electronics,South,6,1660.62,9963.72
293,4/1/2025,Pen,Cordier,Headphones,Accessories,North,2,924.1,1848.2
294,11/3/2024,Lana,Howford,Headphones,Accessories,South,4,130.42,521.68
295,11/12/2024,Nessy,Hirtzmann,Desk Chair,Electronics,West,2,1667.85,3335.7
296,11/13/2024,Land,Tennet,Desk Chair,Accessories,West,8,380.97,3047.76
297,11/15/2024,Findlay,Vidineev,Desk Chair,Electronics,South,8,1848.55,14788.4
298,11/19/2024,Minette,Moreman,Desk Chair,Accessories,North,9,161.52,1453.68
299,10/31/2024,Ketti,Underdown,Headphones,Furniture,East,5,1375.93,6879.65
300,11/3/2024,Britney,Pregel,Printer,Electronics,North,5,961.7,4808.5
301,5/30/2025,Vaughn,Gomer,Monitor,Furniture,East,7,614.34,4300.38
302,11/15/2024,Daron,Siggery,Laptop,Furniture,South,3,893.8,2681.4
303,12/5/2024,Sheilakathryn,Smedmore,Laptop,Furniture,East,10,85.06,850.6
304,10/3/2024,Terrence,Bengall,Printer,Electronics,East,4,1821.94,7287.76
305,2/10/2025,Thibaud,Hounsom,Desk Chair,Electronics,West,2,1152.55,2305.1
306,11/23/2024,Katrina,Benbow,Printer,Furniture,West,7,1176.84,8237.88
307,1/30/2025,Kurtis,Ovey,Desk Chair,Furniture,South,9,1183.9,10655.1
308,10/24/2024,Hillary,Stefanovic,Smartphone,Electronics,North,4,1424.09,5696.36
309,5/26/2025,Hannis,Salzburg,Laptop,Electronics,West,1,1456.99,1456.99
310,9/2/2024,Kassandra,Dumbrell,Laptop,Accessories,North,1,1561.85,1561.85
311,4/1/2025,Marylou,Jillard,Desk Chair,Furniture,North,3,1560.33,4680.99
312,4/26/2025,Miquela,Gilson,Monitor,Accessories,North,3,1479.28,4437.84
313,11/23/2024,Meris,Meredith,Desk Chair,Electronics,West,2,1475.11,2950.22
314,11/11/2024,Wilt,Swift,Monitor,Electronics,North,4,267.42,1069.68
315,12/24/2024,Smith,Ennor,Desk Chair,Electronics,West,3,1925.97,5777.91
316,5/1/2025,Alano,Stronach,Headphones,Furniture,South,2,1869.55,3739.1
317,5/4/2025,Homere,Klehn,Headphones,Accessories,South,7,1677.38,11741.66
318,11/1/2024,Laverne,Yakovl,Monitor,Furniture,North,8,1268.74,10149.92
319,12/18/2024,Hobey,Bolstridge,Monitor,Accessories,South,9,257.21,2314.89
320,11/30/2024,Kelila,Goodlatt,Headphones,Accessories,West,5,734.53,3672.65
321,4/9/2025,Ericha,Oddy,Laptop,Electronics,West,6,1041.34,6248.04
322,3/5/2025,Kacy,Clousley,Desk Chair,Electronics,North,2,1532.72,3065.44
323,10/25/2024,Judd,Mortlock,Printer,Furniture,North,8,1785.8,14286.4
324,5/24/2025,Kristina,Pointin,Printer,Electronics,East,4,491.05,1964.2
325,11/17/2024,Constantine,Belfield,Desk Chair,Furniture,West,2,231.11,462.22
326,12/10/2024,Sande,Muzzullo,Headphones,Furniture,East,2,442.09,884.18
327,12/11/2024,Hilary,Vyel,Desk Chair,Accessories,West,2,1771.07,3542.14
328,10/14/2024,Alameda,Brumbye,Headphones,Electronics,West,1,1198.92,1198.92
329,6/3/2025,Morten,Jedrzejewicz,Headphones,Accessories,East,10,377.0,3770.0
330,8/10/2025,Joel,Aronstein,Smartphone,Furniture,South,4,1032.51,4130.04
331,12/10/2024,Noland,Pedron,Printer,Electronics,East,7,1634.44,11441.08
332,6/27/2025,Geoffry,Piddington,Smartphone,Furniture,South,1,322.11,322.11
333,6/20/2025,Wes,La Croce,Desk Chair,Furniture,East,10,474.15,4741.5
334,11/28/2024,Anabelle,Guidone,Printer,Furniture,West,5,1935.45,9677.25
335,8/18/2025,Shellie,Brigg,Printer,Furniture,East,3,1947.14,5841.42
336,5/29/2025,Marianna,Cornthwaite,Headphones,Electronics,East,1,532.7,532.7
337,8/3/2025,Dorise,Dengate,Printer,Accessories,North,4,1499.85,5999.4
338,8/14/2025,Barn,Burdis,Printer,Electronics,East,10,1366.82,13668.2
339,2/5/2025,Eveline,McGhie,Monitor,Furniture,South,3,474.28,1422.84
340,9/18/2024,Kalvin,Tutton,Headphones,Electronics,East,7,1430.44,10013.08
341,8/9/2025,Hallie,Fawson,Monitor,Furniture,East,5,509.09,2545.45
342,7/21/2025,Kathryn,Boatwright,Monitor,Electronics,North,8,1673.56,13388.48
343,3/19/2025,Baxter,Minshall,Smartphone,Furniture,East,4,1115.54,4462.16
344,10/15/2024,Blisse,Wyeld,Monitor,Furniture,West,2,1197.51,2395.02
345,10/23/2024,Penrod,Dinwoodie,Desk Chair,Furniture,South,3,1829.64,5488.92
346,9/5/2024,Josiah,Scopes,Monitor,Furniture,East,6,1073.36,6440.16
347,12/27/2024,Sauveur,Willmer,Printer,Electronics,West,10,57.14,571.4
348,6/6/2025,Dedie,Creech,Monitor,Electronics,East,9,1716.02,15444.18
349,4/1/2025,Roberta,Sewell,Laptop,Furniture,West,3,926.95,2780.85
350,9/19/2024,Barbette,Wrates,Desk Chair,Accessories,North,9,502.25,4520.25
351,1/27/2025,Tomi,Battie,Monitor,Furniture,North,5,1192.57,5962.85
352,3/24/2025,Fidela,Raxworthy,Smartphone,Electronics,East,7,1384.14,9688.98
353,10/13/2024,Bradford,Faich,Desk Chair,Electronics,South,4,661.21,2644.84
354,10/1/2024,Rhianon,Cordeiro,Headphones,Accessories,East,5,273.43,1367.15
355,3/16/2025,Hester,Blodg,Printer,Electronics,East,6,1707.09,10242.54
356,12/19/2024,Berti,Kocher,Laptop,Electronics,South,6,265.74,1594.44
357,5/18/2025,Inger,Servante,Printer,Electronics,West,6,1680.62,10083.72
358,7/6/2025,Bryant,Birmingham,Monitor,Furniture,South,4,884.2,3536.8
359,7/12/2025,Cacilie,Fenech,Smartphone,Furniture,South,4,1542.72,6170.88
360,11/28/2024,Rosene,Corran,Monitor,Accessories,North,5,471.85,2359.25
361,7/8/2025,Moyna,Limbrick,Laptop,Accessories,South,6,1285.73,7714.38
362,8/31/2024,Marsha,Lautie,Smartphone,Electronics,South,6,661.61,3969.66
363,7/12/2025,Nappie,Josskoviz,Laptop,Electronics,West,7,199.32,1395.24
364,7/15/2025,Ilaire,Bucky,Laptop,Electronics,West,1,1930.16,1930.16
365,4/21/2025,Marion,McReedy,Desk Chair,Accessories,North,5,1351.73,6758.65
366,5/6/2025,Shanda,Eadon,Smartphone,Electronics,West,6,1301.14,7806.84
367,8/7/2025,Ibby,Doree,Headphones,Furniture,North,6,1924.2,11545.2
368,4/1/2025,Maible,Balding,Headphones,Furniture,East,6,1711.55,10269.3
369,8/12/2025,Jacquelyn,Pecey,Monitor,Electronics,South,6,539.9,3239.4
370,6/14/2025,Wolfie,Mather,Laptop,Furniture,North,3,1720.0,5160.0
371,7/14/2025,Ellsworth,Smallridge,Headphones,Furniture,North,8,787.4,6299.2
372,10/8/2024,Radcliffe,Studders,Printer,Accessories,South,3,474.18,1422.54
373,2/12/2025,Peggie,Bagwell,Monitor,Furniture,East,9,1668.01,15012.09
374,9/25/2024,Kerby,Very,Laptop,Accessories,South,7,1559.34,10915.38
375,2/25/2025,Susann,Alesio,Desk Chair,Furniture,South,7,411.19,2878.33
376,6/10/2025,Nollie,Praten,Headphones,Accessories,North,1,121.84,121.84
377,9/16/2024,Barnabe,McAuley,Laptop,Accessories,West,1,1408.84,1408.84
378,8/29/2024,Izaak,Cruddas,Headphones,Furniture,West,5,1408.58,7042.9
379,7/5/2025,Rand,Muirden,Desk Chair,Electronics,East,9,1590.25,14312.25
380,9/8/2024,Chandler,MacCaughen,Laptop,Electronics,West,7,1352.75,9469.25
381,2/10/2025,Tracey,MacDearmaid,Monitor,Accessories,East,1,1047.63,1047.63
382,5/4/2025,Lothario,Brearley,Headphones,Furniture,East,6,183.85,1103.1
383,6/6/2025,Colet,Stennet,Laptop,Furniture,East,3,934.96,2804.88
384,1/25/2025,Kay,Moodey,Printer,Furniture,North,3,581.58,1744.74
385,4/16/2025,Karl,Epelett,Smartphone,Furniture,East,10,996.84,9968.4
386,5/4/2025,Renie,Thying,Smartphone,Accessories,South,5,1220.54,6102.7
387,8/11/2025,Delainey,Franzel,Desk Chair,Electronics,North,7,1371.48,9600.36
388,6/17/2025,Desmund,Kay,Smartphone,Furniture,South,7,1416.85,9917.95
389,10/18/2024,Augustus,Greet,Monitor,Furniture,South,5,1626.89,8134.45
390,1/12/2025,Leela,Ainscow,Laptop,Furniture,South,10,1458.87,14588.7
391,7/27/2025,Gaspar,Millwater,Smartphone,Electronics,West,9,1277.49,11497.41
392,8/8/2025,Kimball,Gatley,Headphones,Furniture,West,6,372.3,2233.8
393,11/28/2024,Danny,Niblo,Laptop,Furniture,South,9,1437.8,12940.2
394,8/3/2025,Berkeley,Hourston,Laptop,Electronics,North,6,1638.08,9828.48
395,11/10/2024,Boony,McCromley,Printer,Furniture,South,7,560.1,3920.7
396,8/21/2025,Worthington,Wakeling,Monitor,Electronics,East,9,1930.92,17378.28
397,5/10/2025,Milka,Dowry,Monitor,Furniture,West,4,1018.18,4072.72
398,7/26/2025,Nettle,Pattrick,Desk Chair,Furniture,North,1,1690.25,1690.25
399,2/7/2025,Justin,Khan,Headphones,Electronics,North,4,1243.04,4972.16
400,5/13/2025,Kathryn,Hasnney,Laptop,Electronics,West,7,1352.96,9470.72
401,2/6/2025,Lina,Ervine,Laptop,Electronics,East,3,1887.72,5663.16
402,5/31/2025,Hugh,Lorentz,Desk Chair,Electronics,South,9,303.73,2733.57
403,11/2/2024,Adrea,Waller,Desk Chair,Accessories,South,9,1406.02,12654.18
404,6/7/2025,Agneta,Le Fleming,Laptop,Electronics,West,8,245.33,1962.64
405,4/24/2025,Raffarty,Corps,Headphones,Furniture,East,7,859.96,6019.72
406,10/26/2024,Drud,Doeg,Monitor,Furniture,East,1,1411.46,1411.46
407,5/18/2025,Madel,Mayow,Headphones,Accessories,West,8,1394.6,11156.8
408,7/30/2025,Miguel,Rousel,Monitor,Furniture,South,9,1080.88,9727.92
409,8/23/2025,Ignaz,Gotling,Printer,Electronics,South,2,729.04,1458.08
410,12/24/2024,Ashlee,Doy,Printer,Electronics,East,6,1314.45,7886.7
411,8/4/2025,Bernardina,Schlag,Headphones,Electronics,West,6,1824.72,10948.32
412,11/28/2024,Erena,Marnane,Printer,Electronics,North,9,1495.59,13460.31
413,12/25/2024,Theadora,Snowding,Laptop,Accessories,North,2,965.6,1931.2
414,7/5/2025,Salim,Readwing,Smartphone,Furniture,South,3,1781.46,5344.38
415,4/29/2025,Aigneis,Billingsley,Printer,Accessories,South,4,1134.66,4538.64
416,4/11/2025,Cobbie,Handrock,Smartphone,Furniture,East,5,1497.14,7485.7
417,3/2/2025,Ros,Quartley,Printer,Furniture,East,10,1794.57,17945.7
418,6/9/2025,Yorgos,Massimo,Laptop,Electronics,North,3,1068.84,3206.52
419,11/20/2024,Di,Dearlove,Monitor,Accessories,South,5,229.99,1149.95
420,8/28/2025,Joli,Goslin,Monitor,Accessories,East,4,1260.27,5041.08
421,7/6/2025,Brina,Daouze,Smartphone,Furniture,North,6,91.72,550.32
422,4/13/2025,Hugibert,Olohan,Desk Chair,Furniture,South,5,1405.18,7025.9
423,1/21/2025,Boyce,Reedshaw,Printer,Electronics,North,2,978.86,1957.72
424,10/27/2024,Kristel,Wheeldon,Laptop,Electronics,North,1,125.95,125.95
425,6/22/2025,Dodie,Rawet,Desk Chair,Electronics,South,6,1489.89,8939.34
426,8/13/2025,Dulsea,Kinze,Headphones,Electronics,South,6,1305.08,7830.48
427,8/4/2025,Ab,Louis,Laptop,Electronics,North,2,424.43,848.86
428,2/27/2025,Norri,Lownds,Headphones,Accessories,South,5,169.89,849.45
429,7/17/2025,Joseito,Oliff,Monitor,Accessories,South,3,87.09,261.27
430,1/7/2025,Eleonora,Eplett,Smartphone,Electronics,North,3,1193.66,3580.98
431,11/25/2024,Konstantine,Vakhrushev,Desk Chair,Accessories,East,7,50.18,351.26
432,2/12/2025,Dianemarie,Van Baaren,Laptop,Electronics,North,1,511.54,511.54
433,1/7/2025,Lucian,Reinhart,Laptop,Furniture,North,4,217.01,868.04
434,11/1/2024,Lindsey,Yeulet,Headphones,Electronics,South,10,1254.14,12541.4
435,6/10/2025,Stephenie,Found,Laptop,Electronics,South,10,1605.58,16055.8
436,6/24/2025,Tucky,Shall,Laptop,Accessories,East,8,419.44,3355.52
437,8/7/2025,Kristin,Spofford,Printer,Accessories,South,9,1674.69,15072.21
438,9/18/2024,Isac,Brantzen,Printer,Accessories,South,7,1314.11,9198.77
439,8/22/2025,Denice,Lyddiatt,Laptop,Electronics,West,4,265.17,1060.68
440,6/22/2025,Catha,O'Downe,Laptop,Furniture,West,7,829.75,5808.25
441,2/18/2025,Anatole,Boustead,Laptop,Furniture,South,6,733.62,4401.72
442,6/26/2025,Maurie,Kettow,Monitor,Electronics,South,2,233.67,467.34
443,11/13/2024,Averil,Malamore,Desk Chair,Furniture,West,10,1825.62,18256.2
444,6/18/2025,Abe,Cardall,Smartphone,Furniture,West,2,899.68,1799.36
445,11/28/2024,Chrissie,Vauls,Monitor,Electronics,South,2,1047.9,2095.8
446,12/2/2024,Ilario,Savill,Headphones,Electronics,North,4,1067.18,4268.72
447,11/27/2024,Udale,Groveham,Headphones,Furniture,West,3,1372.27,4116.81
448,10/12/2024,Tom,Vass,Laptop,Electronics,East,8,207.42,1659.36
449,9/3/2024,Gordan,Lightewood,Printer,Furniture,South,10,1854.97,18549.7
450,7/1/2025,Allison,Ambrosio,Laptop,Accessories,North,5,1788.38,8941.9
451,3/21/2025,Ray,Glenfield,Headphones,Furniture,North,5,906.73,4533.65
452,9/6/2024,Annora,Skedge,Monitor,Furniture,West,5,693.79,3468.95
453,5/12/2025,Meredeth,Madgwich,Laptop,Electronics,North,1,663.19,663.19
454,2/27/2025,Marieann,Turfus,Monitor,Furniture,North,2,102.47,204.94
455,5/14/2025,Eunice,Farman,Laptop,Accessories,West,8,293.16,2345.28
456,7/12/2025,Maud,Glazier,Monitor,Accessories,North,9,669.74,6027.66
457,10/21/2024,Don,Sillis,Headphones,Electronics,East,10,1852.66,18526.6
458,9/9/2024,Jerrome,Serrurier,Desk Chair,Electronics,East,3,1645.64,4936.92
459,9/17/2024,Lark,Durrance,Monitor,Furniture,South,9,1798.51,16186.59
460,11/25/2024,Kelley,Argo,Desk Chair,Accessories,West,3,730.59,2191.77
461,5/5/2025,Spencer,Agates,Monitor,Accessories,North,7,1341.78,9392.46
462,4/5/2025,Salem,Callan,Printer,Furniture,West,4,146.08,584.32
463,8/27/2025,Andreas,Reach,Smartphone,Furniture,East,3,1854.74,5564.22
464,6/10/2025,Dacie,Fowlds,Headphones,Accessories,South,3,418.56,1255.68
465,4/14/2025,Hallie,Cadney,Smartphone,Accessories,South,2,1697.39,3394.78
466,5/9/2025,Ardenia,Dunne,Monitor,Electronics,North,8,1356.01,10848.08
467,8/14/2025,Brenden,Cundey,Printer,Furniture,West,2,1507.92,3015.84
468,9/18/2024,Ward,Ord,Headphones,Electronics,South,4,194.52,778.08
469,5/21/2025,Devonna,Abbatucci,Laptop,Furniture,North,2,776.37,1552.74
470,1/9/2025,Shea,Tayt,Monitor,Electronics,West,7,599.74,4198.18
471,1/28/2025,Marianna,Durdle,Printer,Electronics,East,2,945.55,1891.1
472,5/22/2025,Danit,Wogan,Desk Chair,Accessories,East,6,760.88,4565.28
473,3/14/2025,Fergus,Elvey,Smartphone,Electronics,East,8,1447.81,11582.48
474,10/15/2024,Pamelina,Olsen,Laptop,Furniture,West,7,1925.35,13477.45
475,5/26/2025,Elvin,Suggey,Monitor,Electronics,West,1,570.13,570.13
476,2/6/2025,Thaxter,Bygreaves,Printer,Accessories,East,10,936.68,9366.8
477,1/1/2025,Bridget,Levison,Monitor,Electronics,West,4,1616.62,6466.48
478,8/22/2025,Suzann,Guillford,Desk Chair,Accessories,North,9,602.96,5426.64
479,11/25/2024,Gerianne,Merricks,Monitor,Accessories,North,1,338.69,338.69
480,8/3/2025,Padgett,Harcase,Monitor,Furniture,West,1,121.21,121.21
481,7/24/2025,Honor,Adne,Headphones,Furniture,North,8,535.9,4287.2
482,2/8/2025,Leena,Hallatt,Laptop,Accessories,West,3,162.58,487.74
483,4/14/2025,Luella,Finicj,Monitor,Accessories,North,6,197.46,1184.76
484,8/8/2025,Georgetta,McWhinnie,Printer,Furniture,South,8,1653.5,13228.0
485,9/24/2024,Jon,Parfett,Headphones,Accessories,East,2,1494.49,2988.98
486,6/19/2025,Barbi,Wilce,Smartphone,Furniture,West,6,1679.85,10079.1
487,8/4/2025,Gretchen,Baulk,Monitor,Accessories,East,1,1923.33,1923.33
488,2/12/2025,Wrennie,Bolstridge,Smartphone,Furniture,North,4,1298.59,5194.36
489,4/27/2025,Field,Ishaki,Desk Chair,Accessories,West,7,950.43,6653.01
490,8/8/2025,Hali,McAlpine,Desk Chair,Electronics,South,7,1369.29,9585.03
491,3/28/2025,Alfie,Solleme,Smartphone,Furniture,East,8,1045.15,8361.2
492,5/24/2025,Bowie,Chamney,Laptop,Accessories,West,7,1660.57,11623.99
493,1/23/2025,Normand,Garretts,Desk Chair,Furniture,North,1,198.34,198.34
494,10/9/2024,Rufus,Begwell,Monitor,Furniture,West,3,1860.12,5580.36
495,1/16/2025,Pauli,Gonin,Desk Chair,Furniture,North,10,1168.93,11689.3
496,1/9/2025,Webster,Kinny,Laptop,Electronics,South,6,1297.36,7784.16
497,10/21/2024,Lane,Thebes,Desk Chair,Furniture,South,4,1610.43,6441.72
498,10/14/2024,Nertie,Phaup,Laptop,Electronics,East,4,926.52,3706.08
499,7/13/2025,Wanids,MacPadene,Printer,Accessories,East,7,1795.7,12569.9
500,6/27/2025,Sigrid,Inkpin,Laptop,Electronics,South,1,1176.51,1176.51
501,10/9/2024,Osbourn,Cahen,Smartphone,Accessories,West,8,517.92,4143.36
502,4/26/2025,Inger,Matushevich,Desk Chair,Electronics,North,8,1704.33,13634.64
503,4/16/2025,Hannah,Comusso,Laptop,Furniture,East,5,1454.3,7271.5
504,10/16/2024,Raphaela,Tunsley,Headphones,Electronics,North,6,509.98,3059.88
505,1/24/2025,Anna-diana,Norsister,Headphones,Furniture,South,7,1387.79,9714.53
506,12/18/2024,Crista,Goode,Monitor,Accessories,North,8,1123.68,8989.44
507,2/22/2025,Nolie,Allner,Smartphone,Accessories,East,7,1531.09,10717.63
508,7/22/2025,Cosetta,Brabham,Smartphone,Furniture,East,8,1592.88,12743.04
509,3/16/2025,Christina,Berks,Monitor,Accessories,East,6,1621.79,9730.74
510,3/5/2025,Margeaux,Beebe,Monitor,Furniture,South,1,1393.69,1393.69
511,2/27/2025,Benjy,Shimony,Laptop,Furniture,East,3,1050.01,3150.03
512,2/7/2025,Adelbert,Challens,Printer,Accessories,East,8,494.34,3954.72
513,2/12/2025,Fredelia,Caramuscia,Monitor,Furniture,South,1,1065.49,1065.49
514,11/20/2024,Shirleen,Faltin,Laptop,Accessories,North,8,1334.48,10675.84
515,4/26/2025,Redford,Beckerleg,Monitor,Furniture,West,9,767.2,6904.8
516,4/3/2025,Dani,Kybert,Smartphone,Accessories,North,3,1361.39,4084.17
517,7/9/2025,Emmaline,Labon,Headphones,Accessories,West,2,829.74,1659.48
518,7/2/2025,Carilyn,Raoul,Laptop,Accessories,South,7,696.89,4878.23
519,12/20/2024,Courtnay,Foskin,Headphones,Accessories,East,6,1865.32,11191.92
520,9/15/2024,Hewie,Filipputti,Printer,Accessories,South,7,303.62,2125.34
521,6/22/2025,Carmelia,Hoggins,Smartphone,Furniture,West,5,1109.69,5548.45
522,1/7/2025,Boycie,Adenet,Monitor,Accessories,East,10,838.47,8384.7
523,12/7/2024,Dorine,Baggally,Desk Chair,Electronics,North,4,1560.63,6242.52
524,6/22/2025,Ralina,Waith,Printer,Accessories,West,7,1152.98,8070.86
525,2/18/2025,Kingston,Silcock,Headphones,Accessories,South,1,1312.47,1312.47
526,1/1/2025,Marj,Danford,Laptop,Furniture,West,6,149.0,894.0
527,12/27/2024,Lynda,Starton,Smartphone,Furniture,East,6,1506.67,9040.02
528,3/11/2025,Hannah,Sirmond,Printer,Furniture,East,1,1539.45,1539.45
529,3/12/2025,Nissy,Dive,Smartphone,Accessories,West,2,1426.58,2853.16
530,3/14/2025,Piggy,Berkley,Headphones,Electronics,East,8,1750.4,14003.2
531,10/13/2024,Trude,Hobbema,Smartphone,Furniture,North,2,260.38,520.76
532,11/11/2024,Pattin,Busher,Printer,Accessories,East,10,1573.94,15739.4
533,8/12/2025,Percival,Tether,Printer,Furniture,South,5,1967.8,9839.0
534,11/26/2024,Barn,Vest,Printer,Accessories,North,5,646.96,3234.8
535,4/6/2025,Franny,Reddecliffe,Smartphone,Electronics,East,2,794.12,1588.24
536,3/20/2025,Zebedee,Measham,Headphones,Furniture,East,2,302.63,605.26
537,9/22/2024,Brittani,Siemantel,Laptop,Furniture,West,10,1177.38,11773.8
538,4/18/2025,Franky,Nehl,Smartphone,Furniture,West,5,1089.8,5449.0
539,4/11/2025,Leda,MacKettrick,Smartphone,Accessories,East,8,1944.38,15555.04
540,5/20/2025,Karly,Edney,Laptop,Accessories,North,4,1565.84,6263.36
541,12/21/2024,Ignatius,Goldstone,Monitor,Accessories,East,9,1171.88,10546.92
542,9/3/2024,Gretel,Grunwall,Smartphone,Accessories,East,4,1600.96,6403.84
543,6/8/2025,Gretna,Marde,Laptop,Accessories,North,6,644.4,3866.4
544,12/15/2024,Vassili,Willgrass,Desk Chair,Accessories,South,7,1214.83,8503.81
545,10/13/2024,Antons,Booy,Printer,Accessories,West,7,676.47,4735.29
546,4/18/2025,Jen,Davley,Laptop,Accessories,West,4,1973.04,7892.16
547,8/19/2025,Rutger,Perle,Printer,Accessories,North,7,1407.25,9850.75
548,11/30/2024,Jsandye,Wort,Monitor,Electronics,South,7,1009.16,7064.12
549,6/24/2025,Hazel,Giannazzi,Laptop,Electronics,North,3,854.4,2563.2
550,7/16/2025,Urbain,Mix,Monitor,Accessories,East,9,1462.86,13165.74
551,3/3/2025,Law,Klemke,Printer,Furniture,South,9,916.16,8245.44
552,8/13/2025,Franchot,Deehan,Monitor,Accessories,East,2,1430.43,2860.86
553,7/27/2025,Darice,Strutt,Headphones,Accessories,East,7,1058.43,7409.01
554,11/25/2024,Zahara,Jiruch,Laptop,Furniture,North,7,430.42,3012.94
555,4/11/2025,Jaime,Castro,Monitor,Furniture,East,2,1942.15,3884.3
556,1/23/2025,Jo-anne,Lombard,Laptop,Furniture,South,4,763.64,3054.56
557,3/31/2025,Jacquelynn,Ashborn,Smartphone,Accessories,West,5,1681.2,8406.0
558,2/2/2025,Calhoun,Clancy,Monitor,Accessories,West,5,1107.92,5539.6
559,9/7/2024,Vivia,Sekulla,Laptop,Furniture,North,5,1722.32,8611.6
560,8/19/2025,Ronna,Toffoloni,Smartphone,Furniture,South,5,695.6,3478.0
561,3/12/2025,Kelbee,Redborn,Printer,Accessories,North,1,885.63,885.63
562,3/8/2025,Urbano,MacKeller,Smartphone,Accessories,South,10,1644.16,16441.6
563,9/14/2024,Evyn,Holehouse,Smartphone,Accessories,South,6,722.76,4336.56
564,3/31/2025,Jerome,de Guerre,Printer,Accessories,West,6,1248.21,7489.26
565,9/2/2024,Nikoletta,Gartin,Headphones,Furniture,West,1,885.4,885.4
566,9/6/2024,Ruperta,Torfin,Monitor,Accessories,East,1,187.58,187.58
567,1/8/2025,Hewitt,Pallent,Printer,Accessories,West,7,206.22,1443.54
568,4/25/2025,Mike,Burgum,Smartphone,Electronics,East,4,655.71,2622.84
569,8/16/2025,Gannie,Zarfat,Smartphone,Accessories,West,7,1553.31,10873.17
570,6/12/2025,Elladine,Janssens,Desk Chair,Accessories,East,6,229.47,1376.82
571,2/28/2025,Torey,Lewisham,Smartphone,Furniture,South,10,1908.13,19081.3
572,8/28/2025,Aubree,Chatterton,Headphones,Furniture,North,1,419.32,419.32
573,12/11/2024,Nolly,Keyme,Monitor,Accessories,South,8,565.94,4527.52
574,1/14/2025,Suzie,Perrottet,Monitor,Furniture,East,3,1788.45,5365.35
575,8/8/2025,Cassie,Leake,Monitor,Electronics,West,6,1304.14,7824.84
576,10/26/2024,Beckie,Tams,Laptop,Accessories,West,1,399.41,399.41
577,12/31/2024,Gram,Egger,Headphones,Accessories,South,10,814.58,8145.8
578,1/18/2025,Fields,Sobczak,Smartphone,Electronics,East,9,480.36,4323.24
579,9/19/2024,Jolyn,Deners,Headphones,Accessories,West,8,230.41,1843.28
580,4/14/2025,Stormy,Elflain,Headphones,Furniture,North,7,1301.21,9108.47
581,12/7/2024,Linette,Zupa,Printer,Furniture,South,10,1104.76,11047.6
582,12/17/2024,Rosabelle,Hutcheson,Headphones,Accessories,West,1,805.7,805.7
583,7/9/2025,Ian,Mauchline,Printer,Electronics,West,4,151.01,604.04
584,5/1/2025,Maryanne,Belbin,Printer,Accessories,North,9,1033.72,9303.48
585,6/9/2025,Boony,MacGaughy,Smartphone,Accessories,South,2,713.99,1427.98
586,2/18/2025,Eden,Gilyott,Laptop,Electronics,North,10,409.17,4091.7
587,10/28/2024,Kendricks,Rookesby,Desk Chair,Accessories,East,3,1503.11,4509.33
588,1/10/2025,Janie,Tigner,Printer,Electronics,North,6,666.63,3999.78
589,1/26/2025,Bren,Kauscher,Desk Chair,Electronics,South,3,712.9,2138.7
590,8/29/2024,Brant,Sellwood,Laptop,Furniture,West,5,1699.58,8497.9
591,5/14/2025,Doris,Bachelor,Printer,Furniture,North,10,1764.77,17647.7
592,11/28/2024,Zachary,Sante,Laptop,Electronics,North,5,606.38,3031.9
593,12/25/2024,Gaile,Wapplington,Desk Chair,Accessories,South,3,89.11,267.33
594,4/15/2025,Valle,Rainford,Printer,Furniture,East,9,151.02,1359.18
595,3/28/2025,Evvie,Brinkler,Monitor,Furniture,East,2,605.93,1211.86
596,3/21/2025,Melosa,Pygott,Laptop,Accessories,West,9,1905.42,17148.78
597,9/2/2024,Alard,Garling,Monitor,Furniture,East,9,1665.34,14988.06
598,4/4/2025,Ros,Penhalewick,Headphones,Furniture,West,4,1366.7,5466.8
599,10/1/2024,Findlay,Simmig,Desk Chair,Furniture,East,10,406.38,4063.8
600,11/13/2024,Jamesy,Masser,Desk Chair,Accessories,East,6,1806.04,10836.24
601,2/6/2025,Hollis,Rimer,Laptop,Furniture,East,5,1712.16,8560.8
602,3/30/2025,Opalina,Lilly,Headphones,Accessories,West,10,536.44,5364.4
603,1/25/2025,Ingeberg,Workes,Printer,Electronics,East,8,175.82,1406.56
604,3/15/2025,Breena,Euler,Laptop,Accessories,South,7,402.49,2817.43
605,9/5/2024,Rubin,Wilshire,Desk Chair,Furniture,North,6,1111.41,6668.46
606,3/18/2025,Hale,Mallender,Laptop,Accessories,West,10,428.94,4289.4
607,6/26/2025,Ashbey,Hanham,Smartphone,Accessories,East,4,1183.72,4734.88
608,5/28/2025,Hyacintha,Rockcliffe,Monitor,Accessories,West,8,266.06,2128.48
609,3/15/2025,Dominica,Fincham,Monitor,Furniture,East,5,1039.64,5198.2
610,11/13/2024,Clywd,Chaimson,Headphones,Electronics,North,5,1182.71,5913.55
611,11/20/2024,Pietrek,Hickeringill,Laptop,Accessories,North,1,1095.91,1095.91
612,6/8/2025,Jemmie,Bernetti,Printer,Accessories,West,3,833.84,2501.52
613,1/26/2025,Brendis,Sennett,Desk Chair,Accessories,West,6,681.05,4086.3
614,1/1/2025,Barbabas,Ells,Monitor,Furniture,North,7,1304.08,9128.56
615,5/1/2025,Rick,Millimoe,Printer,Furniture,East,8,1229.42,9835.36
616,7/15/2025,Mack,Stairmand,Headphones,Accessories,South,7,1039.35,7275.45
617,8/10/2025,Torey,Klosges,Laptop,Electronics,North,6,1701.38,10208.28
618,10/18/2024,Birdie,Wulfinger,Laptop,Electronics,West,4,1630.75,6523.0
619,9/1/2024,Bendick,Jordeson,Laptop,Accessories,West,3,1533.62,4600.86
620,10/15/2024,Oliy,Usmar,Monitor,Electronics,South,1,1169.22,1169.22
621,6/12/2025,Myrah,Beckles,Printer,Electronics,South,1,771.66,771.66
622,9/13/2024,Almeda,Tubb,Smartphone,Electronics,North,4,1299.48,5197.92
623,5/2/2025,Paulita,Birmingham,Desk Chair,Electronics,West,10,360.9,3609.0
624,8/10/2025,Filip,Midner,Headphones,Electronics,South,5,1607.32,8036.6
625,9/4/2024,Maurie,Wehner,Desk Chair,Electronics,West,2,1328.01,2656.02
626,1/10/2025,Auberta,Diggens,Smartphone,Furniture,North,6,1217.4,7304.4
627,4/23/2025,Bern,Venney,Desk Chair,Accessories,North,5,116.95,584.75
628,8/16/2025,Heall,Iapico,Monitor,Electronics,North,3,455.18,1365.54
629,5/3/2025,Coralie,Westcarr,Smartphone,Electronics,North,3,365.7,1097.1
630,1/17/2025,Salomon,Catterell,Desk Chair,Furniture,West,7,1961.93,13733.51
631,8/4/2025,Merry,Pegden,Laptop,Accessories,South,7,965.24,6756.68
632,9/15/2024,Rachael,Scholey,Laptop,Electronics,North,5,1511.04,7555.2
633,8/20/2025,Hillier,Martinon,Laptop,Accessories,South,5,1836.37,9181.85
634,2/24/2025,Lombard,Mardall,Monitor,Electronics,South,7,236.25,1653.75
635,11/2/2024,Wait,Diem,Printer,Accessories,South,7,1464.21,10249.47
636,12/14/2024,Carlin,Trethowan,Printer,Furniture,North,5,550.53,2752.65
637,10/23/2024,Demetris,Selwin,Monitor,Furniture,East,1,1741.15,1741.15
638,12/11/2024,Janessa,Eicheler,Monitor,Furniture,North,6,1624.84,9749.04
639,11/22/2024,Salaidh,Simond,Printer,Furniture,West,6,1207.27,7243.62
640,1/20/2025,Noelyn,Gathercole,Laptop,Furniture,South,9,854.46,7690.14
641,10/22/2024,Dieter,Broodes,Headphones,Electronics,North,4,671.5,2686.0
642,1/30/2025,Franzen,Szubert,Laptop,Electronics,West,1,637.3,637.3
643,8/30/2024,Wanda,Halse,Laptop,Accessories,East,6,1214.78,7288.68
644,12/22/2024,Magda,Callingham,Smartphone,Electronics,South,1,1094.52,1094.52
645,2/14/2025,Cleavland,Coltart,Headphones,Furniture,West,5,1195.06,5975.3
646,7/22/2025,Marge,Faltskog,Smartphone,Electronics,East,4,464.87,1859.48
647,12/6/2024,Aylmer,Corkitt,Laptop,Accessories,North,9,1512.93,13616.37
648,11/10/2024,Callie,Trobe,Laptop,Electronics,East,3,428.64,1285.92
649,6/2/2025,Fernanda,Picford,Printer,Accessories,East,8,720.35,5762.8
650,6/28/2025,Ali,Pickthall,Monitor,Accessories,West,1,1815.7,1815.7
651,4/18/2025,Adrienne,Dyshart,Desk Chair,Accessories,East,9,1967.66,17708.94
652,5/31/2025,Alisa,Longfut,Smartphone,Electronics,West,6,1269.51,7617.06
653,12/22/2024,Tudor,McGivena,Desk Chair,Electronics,South,9,446.35,4017.15
654,4/27/2025,Willow,Galletley,Smartphone,Electronics,North,4,1787.64,7150.56
655,10/28/2024,Winnie,Stanes,Desk Chair,Accessories,West,7,1866.76,13067.32
656,3/23/2025,Obidiah,Prophet,Laptop,Accessories,North,10,1865.66,18656.6
657,3/7/2025,Winn,Pycock,Laptop,Furniture,South,9,290.16,2611.44
658,1/2/2025,Emilie,Burness,Monitor,Furniture,East,2,285.07,570.14
659,4/9/2025,Baryram,Say,Printer,Electronics,South,8,1348.76,10790.08
660,8/21/2025,Maurizio,Sperling,Desk Chair,Electronics,North,6,224.9,1349.4
661,5/25/2025,Selina,Wholesworth,Smartphone,Furniture,North,10,971.01,9710.1
662,10/27/2024,Connor,Ballchin,Desk Chair,Electronics,East,2,134.61,269.22
663,10/9/2024,Olympe,Perelli,Smartphone,Accessories,West,5,698.43,3492.15
664,1/15/2025,Davie,Churchin,Monitor,Electronics,West,3,894.73,2684.19
665,5/22/2025,Ariadne,Matijevic,Laptop,Accessories,South,1,1970.7,1970.7
666,6/18/2025,Briana,Morrel,Smartphone,Accessories,East,6,656.14,3936.84
667,1/31/2025,Theodore,Duggen,Laptop,Accessories,South,10,1667.66,16676.6
668,10/5/2024,Irene,Mateuszczyk,Smartphone,Accessories,East,7,1561.62,10931.34
669,7/22/2025,Carley,Shuttlewood,Laptop,Accessories,North,4,1288.28,5153.12
670,4/6/2025,Shelia,Conan,Monitor,Furniture,North,8,1387.08,11096.64
671,9/3/2024,Lydia,Becken,Monitor,Accessories,West,4,1695.67,6782.68
672,3/24/2025,Mair,M'Chirrie,Smartphone,Furniture,West,9,542.51,4882.59
673,9/25/2024,Robby,Aguilar,Smartphone,Accessories,South,8,1281.66,10253.28
674,11/22/2024,Anallese,Lefley,Laptop,Furniture,North,5,1798.85,8994.25
675,11/12/2024,Briny,Freak,Headphones,Furniture,North,10,1937.92,19379.2
676,12/10/2024,Jerrie,Menear,Smartphone,Electronics,East,5,1093.22,5466.1
677,8/30/2024,Sigismondo,Salzberg,Headphones,Accessories,East,8,1617.6,12940.8
678,9/5/2024,Lucilia,Peabody,Printer,Furniture,East,9,1201.11,10809.99
679,3/2/2025,Ivory,Pippard,Monitor,Electronics,South,10,1284.46,12844.6
680,11/21/2024,Tess,McKmurrie,Desk Chair,Electronics,West,9,1824.87,16423.83
681,12/20/2024,Waylon,Jauncey,Headphones,Electronics,West,7,242.44,1697.08
682,12/10/2024,Hugh,Schubbert,Desk Chair,Electronics,North,4,1644.01,6576.04
683,5/5/2025,Valenka,Jablonski,Smartphone,Electronics,North,9,218.13,1963.17
684,9/10/2024,Kim,Linturn,Smartphone,Furniture,South,6,766.4,4598.4
685,3/8/2025,Misty,Bisseker,Printer,Accessories,West,1,1333.96,1333.96
686,7/2/2025,Seana,Aliman,Laptop,Furniture,South,1,1852.08,1852.08
687,2/4/2025,Evangelina,Shackel,Headphones,Accessories,North,9,918.89,8270.01
688,8/26/2025,Elane,Braxay,Monitor,Furniture,South,5,1419.11,7095.55
689,12/28/2024,Maximilien,Penchen,Headphones,Accessories,East,9,1719.26,15473.34
690,5/17/2025,Lanie,Geibel,Smartphone,Electronics,West,9,1425.7,12831.3
691,10/2/2024,Stu,Smowton,Printer,Furniture,South,7,469.92,3289.44
692,12/8/2024,Venita,Chastagnier,Laptop,Accessories,North,5,79.89,399.45
693,8/2/2025,Shawn,Rusk,Smartphone,Furniture,South,7,1457.42,10201.94
694,3/4/2025,Brandais,Pirt,Headphones,Accessories,East,10,1643.45,16434.5
695,1/29/2025,Vonny,Arrol,Printer,Accessories,South,8,1404.81,11238.48
696,4/29/2025,Osbourn,Needham,Desk Chair,Furniture,West,10,978.08,9780.8
697,5/20/2025,Lauren,Rajchert,Desk Chair,Accessories,East,6,1197.66,7185.96
698,9/19/2024,Stevy,Greenshiels,Headphones,Electronics,East,10,1508.72,15087.2
699,11/11/2024,Annabel,Lackham,Monitor,Electronics,North,9,303.9,2735.1
700,6/7/2025,Hilton,Hugues,Headphones,Accessories,North,7,1302.37,9116.59
701,2/13/2025,Iggie,Gaspero,Desk Chair,Accessories,East,10,1314.83,13148.3
702,3/16/2025,Joete,Shakeshaft,Laptop,Electronics,South,5,868.11,4340.55
703,10/12/2024,Marni,Yuille,Smartphone,Furniture,West,5,503.32,2516.6
704,7/11/2025,Johnna,Laverack,Laptop,Accessories,West,6,1422.77,8536.62
705,2/19/2025,Clarey,Draaisma,Smartphone,Accessories,West,7,1898.83,13291.81
706,8/22/2025,Charmane,Christy,Monitor,Accessories,East,8,50.0,400.0
707,6/18/2025,Scottie,Preator,Smartphone,Electronics,South,3,942.5,2827.5
708,1/20/2025,Marlene,Domanek,Smartphone,Accessories,East,2,1896.96,3793.92
709,3/4/2025,Allene,Witard,Printer,Electronics,North,3,1046.23,3138.69
710,6/22/2025,Jonathan,Capstick,Headphones,Accessories,West,5,843.75,4218.75
711,5/10/2025,Constantia,Staresmeare,Laptop,Furniture,South,8,425.2,3401.6
712,11/9/2024,Bernice,Assad,Printer,Accessories,South,9,1651.67,14865.03
713,8/3/2025,Cathi,Dineen,Laptop,Electronics,North,5,797.29,3986.45
714,8/28/2025,Shela,Treeby,Monitor,Accessories,West,6,1635.95,9815.7
715,6/18/2025,Isaak,Challen,Laptop,Accessories,South,9,627.59,5648.31
716,10/18/2024,Paulette,Matyugin,Laptop,Electronics,North,6,1462.9,8777.4
717,4/4/2025,Corbet,Sanbrook,Desk Chair,Electronics,East,7,480.15,3361.05
718,12/5/2024,Ania,Duchesne,Monitor,Electronics,West,3,1405.49,4216.47
719,9/16/2024,Lynea,Abate,Headphones,Furniture,North,2,1254.46,2508.92
720,7/18/2025,Walton,Claige,Monitor,Electronics,East,4,455.34,1821.36
721,8/26/2025,Olenka,Redmell,Headphones,Accessories,East,1,1605.07,1605.07
722,7/23/2025,Maggee,Hemmingway,Desk Chair,Electronics,East,10,166.73,1667.3
723,5/28/2025,Maje,Howse,Headphones,Furniture,East,6,1751.28,10507.68
724,12/20/2024,Gardener,Tumpane,Monitor,Accessories,South,2,139.29,278.58
725,6/22/2025,Darleen,Rodrigo,Printer,Furniture,West,2,507.63,1015.26
726,2/15/2025,Curran,Budgeon,Smartphone,Accessories,North,3,1742.59,5227.77
727,7/12/2025,Tabatha,Topley,Laptop,Electronics,South,1,1135.75,1135.75
728,8/5/2025,Lindsay,Crain,Smartphone,Furniture,West,3,1778.92,5336.76
729,5/12/2025,Amaleta,Abethell,Laptop,Electronics,East,8,1328.42,10627.36
730,4/22/2025,Aldridge,Hadgkiss,Printer,Furniture,South,5,1165.74,5828.7
731,1/11/2025,Pauli,Licciardello,Desk Chair,Electronics,West,1,453.54,453.54
732,12/25/2024,Laverna,MacNally,Smartphone,Electronics,West,5,115.08,575.4
733,9/3/2024,Bourke,MacCole,Printer,Accessories,North,1,322.8,322.8
734,2/16/2025,Ignacius,Cusack,Monitor,Furniture,East,8,653.97,5231.76
735,12/4/2024,Cristen,Nurse,Desk Chair,Furniture,West,1,1543.12,1543.12
736,3/1/2025,Rodney,Eckels,Printer,Furniture,East,6,1884.23,11305.38
737,2/10/2025,Dorette,Yarr,Laptop,Furniture,West,9,1859.36,16734.24
738,8/12/2025,Queenie,Cooch,Printer,Furniture,East,8,51.49,411.92
739,11/3/2024,Stanley,Gleeton,Headphones,Accessories,West,4,490.24,1960.96
740,12/7/2024,Hirsch,Speere,Desk Chair,Electronics,East,9,923.73,8313.57
741,7/27/2025,Gabey,Van Haeften,Smartphone,Accessories,South,4,1648.83,6595.32
742,11/15/2024,Marcellus,Ineson,Headphones,Accessories,West,10,677.5,6775.0
743,3/25/2025,Fransisco,Perelli,Headphones,Accessories,South,2,1244.5,2489.0
744,4/3/2025,Ginelle,Worthy,Smartphone,Accessories,South,1,1652.65,1652.65
745,5/28/2025,Eimile,Landrick,Headphones,Furniture,North,9,1256.95,11312.55
746,4/3/2025,Rudie,Poleykett,Smartphone,Electronics,West,1,1020.39,1020.39
747,12/3/2024,Marna,Vasyunin,Smartphone,Furniture,West,4,1380.23,5520.92
748,2/17/2025,Winne,Dechelle,Headphones,Furniture,West,9,105.53,949.77
749,4/24/2025,Carolyn,Sparks,Printer,Electronics,West,7,1197.02,8379.14
750,1/6/2025,Goldie,Waliszek,Printer,Furniture,North,10,246.59,2465.9
751,10/16/2024,Reinhard,Augar,Desk Chair,Accessories,East,8,322.01,2576.08
752,10/21/2024,Coop,Crucitti,Desk Chair,Furniture,East,10,895.0,8950.0
753,1/2/2025,Natty,Telford,Printer,Furniture,East,6,1703.23,10219.38
754,3/13/2025,West,Killiner,Monitor,Accessories,South,4,454.15,1816.6
755,9/27/2024,Malia,Sabater,Laptop,Electronics,East,10,314.18,3141.8
756,11/8/2024,Meara,Sucre,Laptop,Electronics,South,2,608.31,1216.62
757,11/25/2024,Kaleb,Redsull,Headphones,Furniture,East,1,928.22,928.22
758,11/27/2024,Maurie,McKibbin,Desk Chair,Furniture,South,7,1656.88,11598.16
759,12/13/2024,Joyous,Capaldo,Laptop,Furniture,West,8,1331.85,10654.8
760,6/27/2025,Mallory,Wain,Desk Chair,Electronics,North,6,1652.84,9917.04
761,5/17/2025,Roley,Gammie,Laptop,Furniture,North,6,1109.43,6656.58
762,4/29/2025,Florella,Kempshall,Desk Chair,Furniture,South,4,1248.23,4992.92
763,7/25/2025,Windham,Sictornes,Smartphone,Electronics,West,10,1624.64,16246.4
764,1/18/2025,Frances,Mallinar,Headphones,Electronics,North,8,1117.59,8940.72
765,7/19/2025,Maura,Eaddy,Smartphone,Furniture,South,5,1997.51,9987.55
766,3/4/2025,Allison,Mees,Monitor,Accessories,South,4,116.4,465.6
767,8/3/2025,Theodosia,Pauli,Monitor,Furniture,South,1,408.35,408.35
768,11/21/2024,Sabina,O'Curneen,Headphones,Furniture,South,4,66.25,265.0
769,11/20/2024,Maible,Bagnal,Printer,Electronics,East,1,1004.15,1004.15
770,5/5/2025,Talbert,Litel,Laptop,Accessories,South,4,1071.23,4284.92
771,2/12/2025,Tessy,Nichol,Monitor,Furniture,West,9,355.95,3203.55
772,7/17/2025,Stephanus,Djuricic,Laptop,Furniture,South,4,205.75,823.0
773,12/28/2024,Emory,Dei,Laptop,Electronics,West,7,569.83,3988.81
774,3/3/2025,Gregor,Vynehall,Monitor,Electronics,West,5,307.43,1537.15
775,8/2/2025,Nady,Sheehan,Laptop,Accessories,North,7,735.73,5150.11
776,11/1/2024,Elva,Devenport,Printer,Accessories,South,9,1184.16,10657.44
777,6/3/2025,Gonzalo,Bonnick,Smartphone,Furniture,North,9,1067.79,9610.11
778,10/6/2024,Gay,Turone,Monitor,Furniture,North,5,630.36,3151.8
779,8/31/2024,Cathyleen,Dellenbroker,Desk Chair,Electronics,South,8,1965.43,15723.44
780,3/11/2025,Leonidas,Ollivier,Printer,Furniture,East,9,1485.89,13373.01
781,10/11/2024,Kaja,Prodrick,Headphones,Electronics,East,7,1215.74,8510.18
782,5/28/2025,Tandie,Ingry,Desk Chair,Electronics,West,6,850.72,5104.32
783,10/10/2024,Vernen,Caldwell,Desk Chair,Accessories,South,10,695.33,6953.3
784,8/12/2025,Jarrett,Moynham,Monitor,Electronics,West,3,311.99,935.97
785,9/12/2024,Beverie,Tembridge,Smartphone,Accessories,North,7,1114.13,7798.91
786,10/10/2024,Gates,Westfalen,Printer,Accessories,East,4,458.73,1834.92
787,7/4/2025,Bella,Devo,Laptop,Furniture,North,3,1595.02,4785.06
788,10/14/2024,Randell,Bonsul,Smartphone,Furniture,East,10,916.05,9160.5
789,4/19/2025,Berna,Heaker,Desk Chair,Accessories,East,8,832.43,6659.44
790,1/24/2025,Brook,Applin,Headphones,Electronics,East,6,174.37,1046.22
791,5/10/2025,Cicily,Cordsen,Printer,Accessories,East,5,1520.25,7601.25
792,10/12/2024,Isacco,Give,Printer,Accessories,East,7,318.3,2228.1
793,5/17/2025,Ellsworth,Shearer,Laptop,Electronics,South,6,542.02,3252.12
794,2/28/2025,Broddie,Peirce,Headphones,Furniture,East,5,240.69,1203.45
795,4/14/2025,Emlynne,Flawith,Desk Chair,Accessories,North,2,1223.75,2447.5
796,11/8/2024,Konrad,Halifax,Smartphone,Electronics,West,6,1476.9,8861.4
797,12/25/2024,Janie,Bootyman,Headphones,Furniture,North,6,1727.66,10365.96
798,2/4/2025,Rosella,MacGoun,Monitor,Furniture,South,10,450.02,4500.2
799,4/27/2025,Aubert,Stormouth,Headphones,Furniture,East,2,1720.52,3441.04
800,11/19/2024,Billie,Tordoff,Smartphone,Electronics,South,9,989.04,8901.36
801,3/6/2025,Jania,Husher,Laptop,Furniture,West,2,516.43,1032.86
802,12/11/2024,Bill,Pettitt,Smartphone,Electronics,East,7,610.52,4273.64
803,4/30/2025,Wilow,Budgey,Printer,Furniture,North,1,1778.5,1778.5
804,12/28/2024,Richardo,De Bischop,Desk Chair,Furniture,West,6,1462.22,8773.32
805,9/21/2024,Etan,Santo,Laptop,Furniture,North,9,1691.61,15224.49
806,4/7/2025,Farlay,Josofovitz,Desk Chair,Electronics,North,8,696.46,5571.68
807,6/30/2025,Jasmine,Moogan,Monitor,Electronics,West,9,1350.13,12151.17
808,2/11/2025,Audi,Annets,Desk Chair,Accessories,East,10,994.29,9942.9
809,3/9/2025,Diahann,Alam,Laptop,Electronics,East,10,843.3,8433.0
810,10/13/2024,Shina,Greguol,Laptop,Electronics,East,5,147.24,736.2
811,4/14/2025,Lorne,Jelly,Laptop,Accessories,South,1,1621.31,1621.31
812,6/11/2025,Granville,Kemme,Desk Chair,Electronics,West,5,776.64,3883.2
813,10/16/2024,Jereme,Riggulsford,Headphones,Furniture,East,7,506.91,3548.37
814,7/2/2025,Marlowe,Ruffle,Laptop,Electronics,West,2,1021.97,2043.94
815,9/19/2024,Krystal,Youde,Monitor,Furniture,North,9,56.85,511.65
816,4/22/2025,Arte,Collough,Headphones,Furniture,South,3,779.52,2338.56
817,1/25/2025,Corey,Aulton,Laptop,Furniture,South,6,142.12,852.72
818,11/29/2024,Gabriela,Sergean,Printer,Electronics,South,3,1394.66,4183.98
819,10/24/2024,Neale,Stiffkins,Headphones,Accessories,West,4,1567.61,6270.44
820,2/18/2025,Alasteir,Hawkswood,Laptop,Electronics,East,4,477.05,1908.2
821,5/16/2025,Ario,Mauro,Laptop,Accessories,West,7,1983.77,13886.39
822,5/26/2025,Saundra,Coward,Smartphone,Furniture,West,1,816.02,816.02
823,11/9/2024,Ingeborg,Greer,Headphones,Accessories,East,10,1566.85,15668.5
824,4/14/2025,Arly,Spiller,Headphones,Accessories,West,3,1819.93,5459.79
825,8/14/2025,Abba,Pickless,Printer,Furniture,West,3,1051.23,3153.69
826,3/14/2025,Giorgi,Cardozo,Monitor,Accessories,East,3,196.13,588.39
827,7/26/2025,Georges,Benneton,Laptop,Electronics,North,10,1819.48,18194.8
828,10/25/2024,Marissa,Strickler,Printer,Accessories,North,9,1900.82,17107.38
829,12/31/2024,Saundra,Maior,Headphones,Furniture,North,2,1350.36,2700.72
830,2/18/2025,Una,Maddrah,Laptop,Accessories,East,3,1402.1,4206.3
831,5/29/2025,Ara,Gaul,Laptop,Electronics,East,7,1181.84,8272.88
832,6/2/2025,Hedi,Achurch,Monitor,Furniture,West,2,518.73,1037.46
833,10/18/2024,Ferdie,Irlam,Printer,Electronics,North,7,1146.38,8024.66
834,2/28/2025,Dane,Levermore,Monitor,Electronics,South,9,932.98,8396.82
835,2/1/2025,Abbey,Shama,Headphones,Furniture,West,3,1170.97,3512.91
836,7/6/2025,Marti,Felten,Desk Chair,Furniture,North,2,331.55,663.1
837,10/6/2024,Eduardo,Vinnick,Headphones,Accessories,West,5,1899.24,9496.2
838,1/1/2025,Iolanthe,Vanetti,Laptop,Accessories,North,7,1766.74,12367.18
839,5/19/2025,Orville,Kemery,Desk Chair,Furniture,North,7,697.18,4880.26
840,7/19/2025,Rica,Trouncer,Smartphone,Electronics,West,1,1219.54,1219.54
841,10/1/2024,Gertie,Goracci,Printer,Furniture,West,7,1373.35,9613.45
842,2/26/2025,Gard,Laherty,Printer,Furniture,East,1,1708.81,1708.81
843,7/2/2025,Monah,Antcliffe,Printer,Accessories,North,6,581.65,3489.9
844,11/20/2024,Onofredo,Kinsett,Printer,Furniture,West,10,1527.46,15274.6
845,9/13/2024,Marisa,Cruddas,Monitor,Furniture,South,8,633.86,5070.88
846,8/28/2025,Gav,Cianni,Laptop,Accessories,North,4,192.5,770.0
847,1/30/2025,Pam,MacCurlye,Headphones,Accessories,West,5,1996.06,9980.3
848,4/22/2025,Simmonds,Hadny,Smartphone,Electronics,East,8,1919.5,15356.0
849,7/6/2025,Raquel,Barensky,Monitor,Accessories,North,7,1397.47,9782.29
850,11/20/2024,Desiree,O' Quirk,Printer,Furniture,South,4,74.41,297.64
851,6/20/2025,Florette,Van Der Vlies,Desk Chair,Electronics,East,2,882.25,1764.5
852,5/3/2025,Archer,McGrae,Laptop,Accessories,East,6,1194.25,7165.5
853,5/11/2025,Valaree,Harnor,Monitor,Electronics,North,6,106.43,638.58
854,11/5/2024,Esther,Sealand,Printer,Accessories,East,1,1447.12,1447.12
855,6/26/2025,Darb,Ricciardello,Monitor,Furniture,North,8,1299.83,10398.64
856,4/9/2025,Lorenzo,Maddaford,Laptop,Accessories,East,2,1531.39,3062.78
857,12/26/2024,Binnie,Serginson,Printer,Electronics,South,8,1440.61,11524.88
858,1/13/2025,Doretta,Dulanty,Desk Chair,Accessories,South,6,1607.41,9644.46
859,8/16/2025,Rem,Rosenstock,Headphones,Electronics,East,8,1044.66,8357.28
860,9/9/2024,Cary,Duligal,Smartphone,Accessories,South,5,1403.58,7017.9
861,3/20/2025,Fleming,Coppock.,Printer,Furniture,South,7,1014.47,7101.29
862,1/25/2025,Beck,Lamps,Smartphone,Electronics,East,3,701.38,2104.14
863,5/30/2025,Shermy,Sture,Laptop,Accessories,North,7,1059.89,7419.23
864,1/26/2025,Frederico,Chaperlin,Smartphone,Accessories,West,2,52.1,104.2
865,2/11/2025,Merwin,Willder,Smartphone,Accessories,East,6,1759.98,10559.88
866,7/25/2025,Gregory,Sigmund,Headphones,Furniture,East,6,1824.05,10944.3
867,9/7/2024,Theodoric,MacMillan,Headphones,Furniture,South,2,1205.64,2411.28
868,6/12/2025,Alexander,Gipps,Printer,Furniture,East,7,466.92,3268.44
869,9/23/2024,Maggee,Capponeer,Laptop,Accessories,South,10,51.5,515.0
870,3/8/2025,Karlan,Radin,Smartphone,Furniture,South,2,1362.14,2724.28
871,6/24/2025,Merline,Pesek,Headphones,Accessories,West,9,661.05,5949.45
872,2/24/2025,Avis,Blades,Monitor,Furniture,South,9,1477.53,13297.77
873,10/30/2024,Raviv,Daen,Smartphone,Electronics,South,8,673.1,5384.8
874,11/23/2024,Joseito,Allchorne,Laptop,Furniture,East,6,1555.46,9332.76
875,8/17/2025,Wynne,Munroe,Printer,Electronics,West,5,1280.06,6400.3
876,6/9/2025,Marthe,Bignall,Smartphone,Furniture,North,2,1567.95,3135.9
877,5/3/2025,Lindsay,Pentycross,Printer,Furniture,South,3,1018.88,3056.64
878,6/11/2025,Thomas,Zebedee,Laptop,Accessories,North,5,1156.57,5782.85
879,5/23/2025,Giacomo,Bougourd,Headphones,Furniture,South,6,1439.46,8636.76
880,5/31/2025,Giselle,Coy,Desk Chair,Electronics,South,4,1832.2,7328.8
881,4/7/2025,Rickard,Dillow,Monitor,Accessories,East,6,1860.41,11162.46
882,7/2/2025,D'arcy,Mingo,Desk Chair,Accessories,East,7,1077.86,7545.02
883,10/29/2024,Adelind,Snary,Headphones,Electronics,West,4,581.25,2325.0
884,10/24/2024,Irv,Callinan,Smartphone,Furniture,North,6,1579.76,9478.56
885,8/30/2024,Gerty,Scragg,Desk Chair,Furniture,South,6,470.41,2822.46
886,4/17/2025,Antonius,Mayworth,Desk Chair,Electronics,West,5,287.13,1435.65
887,6/2/2025,Rockie,Baggott,Laptop,Electronics,East,8,887.26,7098.08
888,7/13/2025,Simona,Hirsch,Headphones,Accessories,South,8,1471.92,11775.36
889,4/19/2025,Mame,Sproule,Printer,Electronics,South,7,888.13,6216.91
890,8/1/2025,Valentine,Portchmouth,Printer,Accessories,East,3,1714.21,5142.63
891,9/17/2024,Jodie,Dunridge,Printer,Furniture,North,8,974.07,7792.56
892,5/24/2025,Hurlee,Melton,Smartphone,Accessories,South,10,1117.63,11176.3
893,6/11/2025,Clarine,Chastel,Smartphone,Furniture,South,6,1906.91,11441.46
894,6/10/2025,Janaya,Hansel,Smartphone,Accessories,West,9,1273.29,11459.61
895,11/21/2024,Lesley,Farmiloe,Printer,Electronics,North,7,893.7,6255.9
896,11/17/2024,Suzanna,Haylett,Desk Chair,Accessories,North,10,1574.14,15741.4
897,10/10/2024,Beitris,Robertsson,Headphones,Accessories,West,4,561.62,2246.48
898,8/9/2025,Pip,Doughton,Smartphone,Furniture,West,5,144.91,724.55
899,4/16/2025,Georgina,Michie,Headphones,Electronics,South,6,1796.68,10780.08
900,6/26/2025,Inness,Corness,Smartphone,Electronics,South,9,1526.64,13739.76
901,12/23/2024,Merilyn,Ast,Monitor,Accessories,East,2,1313.16,2626.32
902,3/27/2025,Toma,Tollady,Smartphone,Electronics,East,7,1542.41,10796.87
903,10/19/2024,Cosme,Gaskamp,Headphones,Furniture,North,6,1850.93,11105.58
904,6/5/2025,Corny,Ewbanke,Monitor,Accessories,East,1,1313.82,1313.82
905,11/19/2024,Louis,Blaszczak,Desk Chair,Accessories,East,4,1481.69,5926.76
906,9/21/2024,Yolanda,Pischof,Headphones,Furniture,East,2,1162.72,2325.44
907,9/13/2024,Olav,Vasyutkin,Desk Chair,Furniture,North,7,1058.6,7410.2
908,2/20/2025,Megan,Meeus,Printer,Accessories,South,6,134.26,805.56
909,5/20/2025,Ruthi,Glentz,Monitor,Electronics,North,7,1027.89,7195.23
910,8/28/2025,Em,Finders,Monitor,Electronics,North,8,1752.51,14020.08
911,6/23/2025,Alisha,Denington,Headphones,Accessories,West,4,170.24,680.96
912,1/21/2025,Juliette,Krammer,Desk Chair,Electronics,West,8,1487.17,11897.36
913,8/5/2025,Garvy,Billett,Laptop,Electronics,South,1,1306.3,1306.3
914,1/8/2025,Conni,Zecchetti,Headphones,Accessories,South,10,1587.48,15874.8
915,7/14/2025,Nora,Pitkeathley,Printer,Furniture,East,7,1612.35,11286.45
916,2/11/2025,Caryn,Choake,Printer,Electronics,East,9,1598.73,14388.57
917,7/18/2025,Lannie,Denyakin,Smartphone,Electronics,West,10,1327.47,13274.7
918,10/4/2024,Mercedes,Corsham,Printer,Accessories,East,1,378.25,378.25
919,9/26/2024,Sherwin,Mostin,Laptop,Accessories,West,5,232.59,1162.95
920,10/4/2024,Ursa,Icom,Headphones,Electronics,North,4,1107.11,4428.44
921,9/6/2024,Tom,Ledner,Monitor,Furniture,East,8,723.92,5791.36
922,6/2/2025,Frazer,Abberley,Printer,Accessories,North,7,838.09,5866.63
923,8/26/2025,Bernhard,Given,Desk Chair,Furniture,North,7,1787.2,12510.4
924,10/20/2024,Leese,Gremain,Laptop,Furniture,West,5,363.23,1816.15
925,12/1/2024,Andromache,Well,Printer,Accessories,North,3,1784.59,5353.77
926,2/22/2025,Hardy,Chace,Monitor,Furniture,West,9,444.68,4002.12
927,8/3/2025,Neddy,Gravatt,Headphones,Accessories,North,6,1272.79,7636.74
928,7/9/2025,Lisbeth,Bandiera,Headphones,Furniture,South,2,358.08,716.16
929,1/2/2025,Tibold,Pennuzzi,Smartphone,Electronics,West,8,1304.02,10432.16
930,10/3/2024,Maegan,Faldo,Smartphone,Accessories,North,2,589.84,1179.68
931,11/5/2024,Clarance,Loughman,Monitor,Furniture,South,6,526.33,3157.98
932,12/2/2024,Jack,Austins,Laptop,Furniture,West,9,1167.19,10504.71
933,2/21/2025,Wilona,Thorley,Monitor,Furniture,North,10,428.69,4286.9
934,8/18/2025,Charla,Vanelli,Headphones,Furniture,South,3,486.76,1460.28
935,11/10/2024,Joyce,Farnin,Smartphone,Accessories,North,5,492.25,2461.25
936,4/28/2025,Desiree,Thecham,Desk Chair,Furniture,West,1,473.62,473.62
937,10/7/2024,Lombard,Filmer,Monitor,Furniture,East,6,977.6,5865.6
938,10/28/2024,Gabriel,Frankcom,Smartphone,Electronics,North,6,92.29,553.74
939,7/25/2025,Brandtr,Nicklin,Monitor,Accessories,West,7,1050.87,7356.09
940,4/17/2025,Godwin,Tombleson,Headphones,Accessories,North,10,793.76,7937.6
941,2/22/2025,Roderich,Struthers,Monitor,Accessories,West,2,1908.78,3817.56
942,11/18/2024,Josee,Patron,Monitor,Furniture,South,8,1871.75,14974.0
943,4/1/2025,Rafferty,Kroin,Smartphone,Furniture,West,8,94.72,757.76
944,9/25/2024,Ebba,Elcome,Desk Chair,Furniture,North,8,149.88,1199.04
945,4/11/2025,Kim,Pomeroy,Desk Chair,Accessories,North,7,1921.33,13449.31
946,6/13/2025,Emmalee,Haspineall,Headphones,Accessories,West,9,746.77,6720.93
947,2/12/2025,Chic,Cheers,Smartphone,Electronics,East,9,1740.81,15667.29
948,4/10/2025,Edyth,Ianne,Smartphone,Accessories,North,5,295.2,1476.0
949,10/5/2024,Vassili,Castella,Laptop,Electronics,West,4,791.85,3167.4
950,7/13/2025,Maribelle,Liddel,Smartphone,Furniture,North,8,1914.42,15315.36
951,4/20/2025,Arturo,Stanmer,Desk Chair,Furniture,West,10,1453.24,14532.4
952,2/20/2025,Gladys,Scyone,Monitor,Furniture,North,4,908.2,3632.8
953,4/17/2025,Evie,Mathewson,Printer,Furniture,South,4,187.18,748.72
954,7/12/2025,Halli,Yanshin,Desk Chair,Electronics,West,5,1599.48,7997.4
955,9/18/2024,Lisetta,Baldetti,Laptop,Electronics,West,3,1127.81,3383.43
956,7/9/2025,Betteanne,O'Malley,Smartphone,Furniture,South,10,875.53,8755.3
957,6/26/2025,Andromache,Onraet,Desk Chair,Furniture,West,2,258.75,517.5
958,2/13/2025,Caldwell,Cordie,Monitor,Electronics,West,2,511.2,1022.4
959,7/11/2025,Adan,Rase,Headphones,Accessories,South,5,1482.29,7411.45
960,8/22/2025,Eudora,Lapre,Smartphone,Electronics,South,7,287.5,2012.5
961,1/3/2025,Inesita,De Bruijn,Monitor,Accessories,East,4,644.65,2578.6
962,10/21/2024,Anabel,Moses,Printer,Electronics,North,2,1364.16,2728.32
963,9/22/2024,Roosevelt,Davion,Printer,Furniture,East,2,1326.49,2652.98
964,3/15/2025,Kasper,Pinches,Laptop,Furniture,South,1,1913.88,1913.88
965,12/16/2024,Mariette,Lorraine,Headphones,Electronics,South,9,1610.2,14491.8
966,1/30/2025,Silvanus,Gietz,Headphones,Electronics,North,3,1248.99,3746.97
967,4/28/2025,Mercie,Casella,Desk Chair,Furniture,East,4,1632.32,6529.28
968,10/6/2024,Lyda,Milliere,Smartphone,Electronics,West,4,299.95,1199.8
969,12/12/2024,Drusie,Vassbender,Monitor,Electronics,East,7,962.89,6740.23
970,9/29/2024,Moira,Ioannidis,Smartphone,Accessories,West,6,1078.98,6473.88
971,12/24/2024,Leone,Cattemull,Desk Chair,Furniture,South,6,860.66,5163.96
972,7/28/2025,Mayer,Shetliff,Printer,Electronics,South,9,954.71,8592.39
973,6/17/2025,Shepard,Heffernan,Smartphone,Electronics,North,6,651.97,3911.82
974,7/29/2025,Morton,Josey,Monitor,Electronics,North,10,1345.56,13455.6
975,11/30/2024,Errol,Tirrell,Laptop,Furniture,West,6,173.56,1041.36
976,12/30/2024,Marvin,Percy,Monitor,Accessories,West,10,868.46,8684.6
977,3/25/2025,Fawne,Waleran,Monitor,Furniture,South,8,56.09,448.72
978,4/14/2025,Lark,Fone,Printer,Furniture,West,10,96.64,966.4
979,10/6/2024,Aryn,Leckie,Laptop,Accessories,West,5,1533.71,7668.55
980,8/4/2025,Wrennie,Rizon,Headphones,Furniture,West,10,837.13,8371.3
981,9/27/2024,Shurlock,de Glanville,Laptop,Accessories,East,10,353.98,3539.8
982,8/2/2025,Kirby,Hallin,Desk Chair,Accessories,North,10,1269.91,12699.1
983,6/23/2025,Grissel,Kahen,Monitor,Accessories,North,9,125.03,1125.27
984,10/9/2024,Loy,Ruggiero,Headphones,Furniture,East,9,1437.41,12936.69
985,10/5/2024,Harrison,Stone,Headphones,Electronics,North,2,893.8,1787.6
986,11/29/2024,Nicolea,Aherne,Printer,Electronics,North,1,1081.37,1081.37
987,11/7/2024,Osborne,O'Nowlan,Monitor,Accessories,West,1,786.44,786.44
988,7/1/2025,Dacia,Mowbray,Printer,Furniture,North,10,685.58,6855.8
989,1/21/2025,Haley,Peirce,Monitor,Electronics,West,5,919.37,4596.85
990,8/8/2025,Jase,Backs,Headphones,Accessories,North,1,1574.31,1574.31
991,9/7/2024,Parsifal,Sawrey,Smartphone,Accessories,North,10,1216.43,12164.3
992,12/17/2024,Alastair,Dawidowsky,Headphones,Furniture,West,9,1718.03,15462.27
993,2/26/2025,Bab,Thickett,Laptop,Electronics,East,7,802.93,5620.51
994,5/28/2025,Aldon,Mityashev,Printer,Accessories,North,8,220.38,1763.04
995,9/21/2024,Kimberly,Gautrey,Monitor,Furniture,North,2,792.35,1584.7
996,3/6/2025,Kandy,Frankowski,Printer,Accessories,East,2,1912.36,3824.72
997,2/26/2025,Gaven,Lempenny,Smartphone,Furniture,East,4,1592.01,6368.04
998,9/12/2024,Roley,Donisthorpe,Laptop,Accessories,South,3,177.69,533.07
999,5/5/2025,Peirce,Bawcock,Laptop,Electronics,South,10,1803.7,18037.0
1000,12/14/2024,Zita,Bosson,Smartphone,Accessories,West,10,579.87,5798.7
